"","NMDS1","NMDS2","Key","PrePost","Date","Location","Site","Transect","Achilles.tang","Agile.chromis","Amber.jack","Arc.eye.hawk.fish","Barred.filefish","Belted.wrasse","Big.eye.emperor.or.Mu","Bird.nose.wrasse","Black.kole.or.black.surgeonfish","Blackfin.chromis","Blacktailed.snapper","Blue.eyed.damsel","Blue.goatfish","Bluefin.trevally","Blueline.surgeonfish","Bluelined.butterfly","Bluelined.snapper","Bluespine.unicornfish","Box.fish","Bridled.triggerfish","Bullethead.parrotfish","Chocolate.dip.chromis","Chub.or.Rudderfish","Convict.tang","Cornetfish","Doublebar.goatfish","Elegant.wrasse","Eyestripe.surgeon","Forcep.butterfly","forktail.snapper","Forsteri.hawkfish","four.spot.butterfly","Goldrim.surgeonfish","Gray.Chub","Hawaiian.cleaner.wrasse","Hawaiian.dascyllus","Hawaiian.sergeant.major","Kole.tang","Lavender.brown.tang","Lei.trigger","Lined.butterfly","Manybar.goatfish","Milletseed.butterflyfish","Moorish.Idol","Multiband.butterfly","Niger.trigger","Orangeshoulder.tang","Orangespine.unicornfish","Ornate.butterfly.fish","Ornate.wrasse","Oval.butterfly","Pacific.gregory","Palenose.parrofish","Pinktail.trigger","Porcupinefish","Raccoon.butterflyfish","Redlip.parrotfish","Regal.parrotfish","Ringtail.surgeonfish","Ringtail.wrasse","Rockmover.wrasse","Roi.or.Peacock.grouper","round.scad","Saddle.wrasse","Sailfin.tang","Sidespot.goatfish","Soldier.fish","Spectacled.parrotfish","star.eyed.parrotfish","Surge.wrasse","Teardrop.butterfly","Threadfin.butterflyfish","Trumpetfish","white.freckled.surgeonfish","Whitebar.surgeonfish","whitespot.puffer","Whitespotted.toby","Yellow.tang","yellowfin.goatfish","Yellowstripe.goatfish","Yellowtail.coris"
"1",-0.406934873406991,-0.32957510897368,"3T1","Pre","2009","Old Kona","3","T1",0,0,0,0,0,0,0,12,0,189,0,0,1,0,0,0,0,0,0,0,3,0,0,0,0,0,0,0,5,0,0,1,0,0,0,0,0,18,66,1,0,0,0,4,3,1,11,2,3,1,0,0,2,1,0,1,0,0,0,0,0,0,0,9,0,0,0,0,0,0,0,3,0,0,3,0,1,56,0,0,0
"2",-0.864220439860393,-0.543381805464134,"4T1","Pre","2009","Old Kona","4","T1",14,0,0,0,0,0,0,1,0,215,0,0,0,1,0,0,0,0,2,0,0,0,0,0,0,0,0,0,1,0,0,0,0,0,1,0,0,9,62,0,0,0,0,10,0,3,9,11,1,0,0,1,0,3,0,1,0,0,0,0,0,0,0,13,0,0,0,0,0,0,0,0,0,0,245,0,0,74,0,0,0
"3",0.28885177459897,0.684649933405647,"1T1","Pre","2009","Puako","1","T1",0,0,0,0,0,0,0,2,0,20,0,0,0,0,0,0,0,0,0,0,0,0,0,0,0,0,0,0,1,0,0,0,0,0,0,0,0,11,0,0,0,1,0,2,0,0,0,2,2,0,0,0,11,5,0,2,0,0,0,0,0,0,0,1,0,0,0,0,0,0,0,2,0,0,0,0,0,57,0,0,0
"4",-0.126602661927837,0.701699369924132,"2T1","Pre","2009","Puako","2","T1",0,0,0,0,0,0,0,6,0,0,0,0,0,0,0,0,0,0,0,0,0,1,0,0,0,3,0,0,5,0,0,1,0,0,0,0,0,27,0,1,0,0,0,0,0,1,7,0,4,0,0,4,40,5,1,0,0,0,0,0,0,1,0,1,0,0,0,0,0,0,0,2,0,0,25,0,0,95,0,1,2
"5",1.20484516375805,-0.482237157685516,"5T1","Pre","2009","Puako","5","T1",0,0,0,0,0,0,0,0,0,0,0,0,0,0,0,0,0,3,0,0,0,0,0,3,0,0,0,0,3,0,0,0,1,0,0,0,3,7,5,2,0,0,0,0,0,1,4,3,1,0,0,0,0,3,0,0,0,0,0,0,0,0,0,0,0,0,0,0,0,0,0,3,1,0,25,0,0,13,0,40,0
"6",0.332550878953202,-0.458161693865592,"6T1","Pre","2010","Mahukona","6","T1",0,0,0,0,0,0,1,0,0,50,0,0,0,0,0,0,0,0,0,0,1,6,0,0,0,0,0,0,1,0,0,0,0,0,0,0,0,27,15,1,0,6,0,1,2,0,2,2,3,0,1,1,0,0,0,0,0,0,0,0,0,0,0,2,0,0,0,0,0,0,1,0,0,0,0,0,0,15,0,0,0
"7",0.429131850709263,-0.982270116554555,"7T1","Pre","2010","Mahukona","7","T1",0,0,0,0,0,0,0,0,0,50,0,0,0,0,0,0,0,1,0,0,0,0,0,0,0,0,1,0,0,0,0,0,0,0,0,0,0,5,15,2,0,4,0,0,1,0,1,0,0,1,2,1,0,0,0,0,0,0,0,0,0,0,0,4,0,0,0,0,0,0,0,0,0,0,0,0,0,8,0,6,0
"8",-0.793353878474812,-0.474287517189448,"3T1","Pre","2010","Old Kona","3","T1",0,0,0,1,0,0,0,6,0,467,0,0,0,0,0,0,0,0,0,0,1,0,0,0,0,3,0,0,1,0,0,1,0,0,0,0,0,31,63,0,1,2,1,2,3,4,4,3,2,0,0,1,24,1,0,1,0,1,0,1,0,1,0,0,0,0,0,0,0,7,0,1,0,0,2,0,0,58,0,0,0
"9",-0.945377654759398,-0.539653002584261,"4T1","Pre","2010","Old Kona","4","T1",0,0,0,0,0,0,0,4,0,500,0,0,0,0,0,0,0,0,0,0,1,0,0,1,0,0,0,0,0,0,0,0,0,0,0,0,0,18,26,0,0,1,0,4,2,7,0,4,1,1,0,0,17,2,0,0,0,0,0,0,0,1,0,0,0,0,0,0,0,4,0,0,0,0,49,0,0,67,0,0,0
"10",0.526798535733474,0.285059368893701,"1T1","Pre","2010","Puako","1","T1",0,0,0,0,0,0,0,0,0,0,0,0,0,0,0,0,1,0,0,0,3,2,0,4,0,0,0,0,3,0,0,0,0,0,0,0,3,26,9,1,0,2,0,0,5,6,2,1,0,0,0,2,0,7,0,0,0,0,0,0,0,0,0,0,0,0,0,0,0,0,0,0,0,0,3,0,0,34,0,0,1
"11",0.144440029339765,0.577100555588108,"2T1","Pre","2010","Puako","2","T1",0,0,0,0,0,2,0,3,1,0,0,0,0,0,0,0,0,0,0,0,4,2,0,0,0,0,0,0,3,0,0,1,0,0,0,0,1,36,1,3,1,3,0,2,2,42,3,0,0,0,0,7,0,6,0,0,0,0,0,0,0,0,0,3,0,0,0,1,0,0,0,0,0,0,0,0,0,54,0,0,0
"12",0.767405634075792,0.327512817647547,"5T1","Pre","2010","Puako","5","T1",0,0,0,0,2,0,0,4,3,0,0,0,0,0,0,0,0,0,0,0,0,0,0,0,0,0,0,0,13,0,0,0,4,0,0,0,0,11,10,5,0,5,0,0,0,0,3,2,2,0,0,0,8,2,0,0,3,0,0,2,0,0,0,5,0,2,0,0,0,0,0,0,0,0,2,0,0,27,25,0,3
"13",0.965853247550534,-0.142131937738029,"6T1","Pre","2011","Mahukona","6","T1",0,0,0,0,1,0,0,1,0,0,0,0,0,0,0,0,0,0,0,0,0,8,0,0,0,0,0,0,1,0,1,0,0,0,0,0,2,13,22,1,0,3,0,1,0,1,0,1,0,0,2,0,0,1,0,0,0,0,0,0,0,0,0,1,0,1,0,0,0,0,0,0,0,0,0,0,0,10,0,1,0
"14",1.14670626945403,-0.0308978098510642,"7T1","Pre","2011","Mahukona","7","T1",0,0,0,1,0,0,0,0,0,0,0,0,0,0,0,0,0,0,0,0,0,0,0,0,0,0,0,0,2,0,0,0,0,0,0,0,0,12,10,3,0,2,0,0,2,0,1,0,3,0,0,0,0,0,0,0,0,0,0,0,0,0,0,4,0,3,0,0,0,0,0,0,0,0,0,0,0,10,0,1,0
"15",-0.562094347918819,-0.398828247372333,"3T1","Pre","2011","Old Kona","3","T1",0,0,0,0,0,0,0,5,1,312,0,0,0,0,0,0,0,0,0,0,7,0,0,0,0,1,1,0,0,0,0,0,0,0,0,0,0,22,54,2,0,5,0,0,2,4,5,13,3,0,0,2,5,0,0,0,1,1,0,1,0,0,0,4,2,0,0,0,0,0,0,4,0,0,3,0,0,58,0,0,0
"16",-0.713828941076508,-0.30078015035722,"4T1","Pre","2011","Old Kona","4","T1",3,0,0,0,0,0,0,6,0,290,0,0,0,0,0,0,0,0,0,0,6,0,0,9,0,0,0,1,1,0,0,0,0,0,2,0,7,49,75,1,0,2,0,5,0,3,7,5,0,0,0,1,4,4,0,2,1,4,0,0,0,0,0,15,0,0,0,0,0,0,1,3,0,40,59,0,1,73,0,0,0
"17",0.470290321797908,0.407713278431129,"1T1","Pre","2011","Puako","1","T1",0,0,0,0,1,0,0,1,0,0,0,0,0,0,0,0,0,0,0,0,6,30,0,2,0,0,0,0,3,0,0,0,0,0,0,0,1,34,7,2,0,0,0,0,2,8,0,0,0,0,2,1,0,6,0,0,0,0,0,1,0,0,0,4,0,0,0,0,0,0,0,0,0,0,0,0,0,36,0,1,1
"18",0.0148773753405965,0.470498537216054,"2T1","Pre","2011","Puako","2","T1",0,0,0,2,0,0,0,1,0,0,0,0,0,0,0,0,0,0,0,0,13,2,0,0,0,0,0,0,4,0,0,0,0,0,0,0,20,64,2,3,0,4,0,1,4,3,9,2,0,0,0,2,6,2,1,0,2,1,0,1,0,2,0,1,0,0,0,0,0,0,0,0,0,0,0,0,0,65,0,0,1
"19",0.898743004343919,-0.391931010806567,"5T1","Pre","2011","Puako","5","T1",0,0,0,1,0,0,0,1,0,0,0,0,0,0,0,0,0,0,0,0,0,0,0,0,0,1,0,0,0,0,0,0,12,0,0,0,0,0,27,7,0,3,0,3,0,0,8,2,0,0,0,0,1,0,0,0,0,0,0,0,0,0,0,0,1,0,0,0,0,0,0,2,0,0,2,0,0,21,0,23,2
"20",0.639448150307292,-0.791545863476512,"6T1","Pre","2012","Mahukona","6","T1",0,2,0,0,0,0,0,0,0,30,0,0,0,0,0,0,0,0,0,1,0,15,0,0,0,0,0,0,0,0,0,0,0,0,0,0,1,10,12,0,0,6,0,0,5,0,0,1,1,0,0,0,0,0,0,0,0,0,0,1,0,0,10,3,0,2,0,0,0,0,0,0,0,0,1,0,0,10,0,0,0
"21",0.0562165063989514,-0.758631444781835,"7T1","Pre","2012","Mahukona","7","T1",0,0,1,1,0,0,0,1,0,85,0,0,0,0,0,0,0,1,0,4,0,0,0,0,0,0,0,0,1,0,0,0,0,0,0,0,0,24,15,3,0,2,0,0,2,0,1,0,0,0,0,0,0,1,0,2,0,0,0,1,0,0,0,3,0,0,0,0,0,4,0,0,0,0,8,0,0,8,0,1,0
"22",-0.419821056365854,-0.144699183132685,"3T1","Pre","2012","Old Kona","3","T1",0,0,9,0,0,0,0,3,0,175,0,0,0,0,0,0,0,0,0,0,4,0,0,0,0,1,0,0,5,0,0,0,0,0,0,0,14,45,60,0,0,3,0,2,2,7,5,5,4,0,0,3,0,1,0,2,0,0,0,0,0,3,0,3,0,0,0,0,0,10,0,0,0,0,4,0,0,81,0,0,1
"23",-0.61284170627332,-0.155336274613977,"4T1","Pre","2012","Old Kona","4","T1",1,0,7,0,0,0,0,7,0,150,0,0,1,0,0,0,0,3,0,0,11,0,1,1,0,0,0,5,10,0,0,0,0,0,0,0,5,31,63,0,0,5,0,8,0,7,1,5,3,0,0,0,0,5,0,0,0,0,0,0,0,1,0,5,2,0,0,0,0,8,0,1,0,0,87,0,0,156,0,0,1
"24",-0.0891930251980873,0.17114631470627,"1T1","Pre","2012","Puako","1","T1",0,0,29,0,1,0,0,6,1,0,0,0,0,0,0,1,0,0,0,1,6,2,0,0,0,1,0,0,3,0,0,1,0,0,0,0,10,18,54,0,0,1,0,0,3,6,0,0,1,0,2,13,0,4,0,0,0,0,0,1,0,0,0,6,3,0,0,3,0,6,0,0,1,0,0,0,0,84,0,0,5
"25",0.181369261889999,0.536352213251808,"2T1","Pre","2012","Puako","2","T1",0,7,0,2,0,0,0,7,0,0,0,0,2,0,0,0,0,0,0,2,14,6,0,2,0,0,0,0,4,0,1,0,0,0,0,0,23,29,2,1,0,2,0,0,5,0,0,5,1,2,0,0,0,1,0,0,0,0,1,0,0,0,0,3,0,0,0,0,0,9,0,0,0,0,0,0,0,57,0,0,0
"26",0.968061555742081,0.270050247439948,"5T1","Pre","2012","Puako","5","T1",0,0,1,0,1,0,0,2,0,0,0,0,2,0,0,0,0,1,0,0,0,0,0,0,0,2,0,0,1,0,0,0,0,0,0,0,0,14,4,1,0,2,0,1,0,0,7,9,0,0,0,0,0,3,0,0,0,0,0,0,0,1,0,5,0,1,0,1,0,3,0,1,0,0,0,0,0,17,0,0,1
"27",0.695193648367766,-0.129246635793952,"6T1","Post","2013","Mahukona","6","T1",0,12,0,0,0,0,0,0,0,0,0,0,0,0,0,0,0,0,0,0,2,2,0,0,0,0,0,0,1,0,0,0,0,0,0,0,1,24,25,2,0,3,0,1,3,0,1,1,6,0,2,1,0,5,0,0,1,0,0,0,0,0,0,5,0,3,0,0,0,0,1,0,0,0,0,0,0,9,0,15,0
"28",0.643424782350036,-0.210952862433204,"7T1","Post","2013","Mahukona","7","T1",0,0,0,0,0,3,0,1,0,0,0,0,4,0,0,0,0,0,0,0,3,0,0,1,0,0,0,0,1,0,0,0,0,0,0,0,0,21,28,4,0,5,0,0,2,0,7,7,2,0,0,1,0,0,0,0,2,0,0,0,0,0,0,7,0,1,0,0,1,0,0,0,0,0,0,0,0,9,0,7,0
"29",-1.00746912492776,-0.352573727037695,"3T1","Post","2013","Old Kona","3","T1",1,0,0,1,0,1,0,2,0,700,0,0,0,0,0,0,0,0,0,0,10,0,0,2,0,2,0,0,4,0,0,4,1,0,0,0,0,54,91,4,0,4,0,0,2,6,6,8,0,0,0,1,2,1,0,1,0,0,0,0,0,1,0,5,0,0,0,0,0,0,0,0,1,0,0,0,0,89,0,0,5
"30",-0.977753726616128,-0.133745382263623,"4T1","Post","2013","Old Kona","4","T1",2,0,0,2,0,0,0,4,0,290,0,0,2,0,0,0,0,3,0,0,11,0,0,5,0,1,0,2,6,1,0,2,37,0,1,0,14,28,225,1,0,0,0,9,0,14,11,8,2,2,0,2,7,2,0,5,4,0,1,0,0,1,0,15,1,0,0,0,1,0,0,0,0,0,5,0,0,220,0,0,0
"31",0.121371485017398,0.546581415228055,"1T1","Post","2013","Puako","1","T1",0,37,0,0,2,0,0,1,0,0,0,0,0,0,0,0,0,0,0,0,10,0,0,5,0,0,0,0,6,0,0,7,8,0,0,0,5,26,5,4,0,0,0,1,4,9,0,3,5,0,0,1,0,6,0,0,0,0,0,1,0,2,0,1,4,0,0,0,0,0,0,0,1,0,0,0,0,64,0,0,1
"32",-0.37826946966886,0.808830210479271,"2T1","Post","2013","Puako","2","T1",0,0,0,1,1,0,0,3,0,0,0,0,0,0,0,0,0,0,0,0,7,0,0,4,0,0,0,0,12,0,1,1,0,0,0,0,200,31,0,3,0,4,0,1,5,31,11,9,3,0,0,0,13,2,0,3,3,0,2,1,0,0,0,3,0,0,0,0,0,0,0,0,0,0,0,0,0,77,0,0,0
"33",0.335632317420926,-0.154620310188164,"5T1","Post","2013","Puako","5","T1",0,0,0,0,1,0,0,2,1,20,0,0,0,0,0,0,0,0,0,0,1,0,0,0,0,0,0,0,10,0,0,1,0,0,0,0,0,19,33,2,0,8,0,0,2,0,2,3,0,0,5,0,3,3,0,0,0,0,0,1,1,0,0,1,0,0,0,0,0,0,0,0,0,0,0,0,0,35,0,23,3
"34",0.99132669589099,-0.3000785519831,"6T1","Post","2014","Mahukona","6","T1",0,1,0,0,0,0,0,0,0,0,0,0,0,0,0,0,0,0,0,0,0,2,0,0,0,0,0,0,1,0,0,0,0,0,0,0,0,19,13,5,0,1,0,0,2,0,0,2,1,1,0,0,0,1,0,0,0,0,0,2,0,0,0,8,0,2,0,0,0,0,0,0,0,0,0,0,0,10,0,53,0
"35",0.445804378017739,0.0149815501046919,"7T1","Post","2014","Mahukona","7","T1",0,0,0,1,0,2,0,1,0,0,0,0,0,0,0,1,0,0,0,0,0,0,0,0,0,0,0,0,2,0,0,2,0,0,0,0,0,84,20,4,0,12,2,0,3,0,2,4,2,1,3,4,0,0,0,0,0,0,0,0,0,0,0,10,0,2,0,0,2,0,1,0,0,0,0,0,0,23,0,4,0
"36",-0.623592469266204,-0.0728693349721378,"3T1","Post","2014","Old Kona","3","T1",3,0,0,0,1,1,0,8,0,200,0,0,2,0,0,0,2,0,0,0,14,0,0,0,0,0,0,0,2,0,1,1,0,0,0,0,33,61,119,4,0,3,0,3,3,12,13,8,3,0,0,7,15,1,0,1,5,0,0,0,0,0,0,12,0,0,0,0,0,0,0,2,1,0,0,0,0,118,0,0,0
"37",-0.725834569797671,-0.0364920441407476,"4T1","Post","2014","Old Kona","4","T1",4,0,0,1,0,0,0,9,0,177,0,0,1,0,0,0,0,1,2,0,21,0,0,0,1,0,0,0,7,0,0,3,0,0,0,0,25,56,172,1,0,2,0,10,2,18,6,10,4,0,0,1,0,4,0,1,0,1,1,0,0,1,0,14,2,0,0,0,0,0,0,0,2,7,33,0,0,132,0,0,1
"38",-0.136653850996178,0.159845776742256,"1T1","Post","2014","Puako","1","T1",3,0,0,1,4,0,0,2,0,0,0,0,0,0,0,0,1,0,0,0,14,34,0,0,0,0,0,0,9,0,1,2,0,0,0,0,48,49,71,0,0,1,0,0,4,0,0,2,2,0,0,3,14,3,0,0,0,0,0,1,0,1,0,1,0,0,1,0,0,0,0,0,0,0,11,0,0,44,0,0,0
"39",-0.100423340969211,0.439769357762921,"2T1","Post","2014","Puako","2","T1",0,6,0,2,0,0,0,5,0,0,0,0,0,0,0,0,0,0,0,0,5,1,0,0,0,0,0,0,10,0,0,1,0,0,0,0,39,46,6,3,0,6,1,1,18,3,0,4,3,0,0,1,1,4,0,0,0,0,2,0,0,2,0,6,0,0,0,0,0,0,0,1,1,0,0,0,0,104,0,0,4
"40",0.398320084266227,0.299662533877345,"5T1","Post","2014","Puako","5","T1",0,50,0,0,0,3,0,2,0,0,3,0,0,0,0,0,0,0,1,0,1,0,0,0,0,0,0,0,8,0,0,0,0,0,0,0,0,27,16,5,0,2,0,1,0,0,2,3,3,0,0,1,1,3,0,0,5,0,0,2,0,0,0,2,0,0,0,0,0,0,0,1,0,0,0,0,0,40,0,1,4
"41",-0.499916758447391,-0.00254207566685097,"3T1","Post","2015","Old Kona","3","T1",5,0,0,0,2,0,0,4,0,105,0,0,0,0,0,0,1,0,0,0,8,0,0,0,0,0,0,0,0,0,0,1,2,0,0,0,24,73,84,7,0,3,0,2,4,12,5,8,2,1,0,1,1,2,0,0,6,0,0,0,0,0,0,10,0,0,0,0,0,0,0,0,0,0,5,0,0,162,0,0,1
"42",-0.769313809469346,0.127355047561307,"4T1","Post","2015","Old Kona","4","T1",0,0,0,2,0,2,0,7,0,90,0,0,1,1,0,0,0,0,0,0,6,0,0,0,0,2,0,14,3,0,0,0,0,0,0,0,30,101,125,3,0,1,0,8,6,39,4,7,3,1,0,0,4,6,0,1,2,0,0,0,0,0,0,4,5,0,0,0,0,0,0,0,0,11,79,0,0,202,0,0,3
"43",0.278273096224471,0.284862605238658,"1T1","Post","2015","Puako","1","T1",0,1,0,2,0,0,0,4,4,0,0,0,0,0,0,0,0,0,0,0,1,7,0,0,0,0,0,0,20,1,0,0,0,0,0,0,7,28,16,3,0,1,0,6,0,1,0,4,1,0,0,8,0,6,0,0,0,0,1,2,0,0,0,8,0,0,8,0,0,0,0,0,1,0,1,0,0,49,0,0,2
"44",0.042832469607897,0.60600875598166,"2T1","Post","2015","Puako","2","T1",0,17,0,0,0,1,0,1,0,0,0,0,0,0,0,0,0,0,0,0,7,3,0,0,0,0,0,0,5,0,0,1,0,0,1,0,16,35,4,5,0,1,0,0,4,80,1,2,1,2,0,1,1,2,0,0,0,0,0,0,0,0,0,2,0,0,0,0,0,0,0,1,0,0,0,0,0,53,0,0,1
"45",0.449283342480592,0.688930696534,"5T1","Post","2015","Puako","5","T1",0,3,0,0,0,0,0,3,1,0,0,0,0,0,0,0,0,0,0,0,1,1,0,0,0,0,0,0,8,0,0,0,0,0,0,0,0,6,8,2,0,1,0,2,1,0,52,6,2,0,0,0,0,1,0,0,0,0,0,0,0,0,0,1,0,0,0,0,0,0,0,0,0,0,0,0,0,53,0,0,4
"46",0.127566274411932,-0.533219874952702,"6T1","Post","2016","Mahukona","6","T1",0,35,0,1,0,1,3,1,2,77,1,0,0,0,0,0,0,0,0,0,1,5,0,0,0,0,0,0,2,0,0,0,0,0,0,0,0,31,20,2,0,3,0,0,4,0,0,1,2,1,0,0,8,1,0,0,0,0,0,0,0,0,6,1,0,1,0,0,0,0,0,0,0,0,0,0,0,19,0,70,0
"47",-0.262502167086562,-0.288703265187666,"7T1","Post","2016","Mahukona","7","T1",0,2,0,0,0,1,0,0,0,152,0,0,2,0,0,0,0,0,0,0,1,0,0,0,0,0,0,0,1,0,0,0,0,0,0,1,0,65,49,3,0,7,0,0,3,1,7,5,4,1,0,0,2,1,0,0,0,0,0,0,0,0,0,11,0,0,0,0,0,0,0,0,0,0,0,0,0,36,0,2,2
"48",-0.949867615207085,-0.130428710630556,"3T1","Post","2016","Old Kona","3","T1",1,0,0,0,0,0,0,3,1,385,0,0,0,0,0,0,1,0,0,0,7,0,0,0,0,1,0,0,3,1,0,1,0,0,0,0,14,45,240,7,0,4,0,2,7,45,13,12,7,1,0,0,16,3,0,0,3,0,0,1,0,0,0,14,0,0,0,0,1,0,0,0,0,0,1,0,0,169,0,0,1
"49",-0.785548976094307,-0.00345701883423707,"4T1","Post","2016","Old Kona","4","T1",1,0,0,0,1,0,0,5,3,153,0,0,2,0,0,0,0,1,0,0,1,0,3,0,0,2,0,2,5,0,0,1,0,0,0,0,15,25,85,4,2,2,0,9,2,82,9,14,1,0,0,0,7,4,0,1,3,0,0,2,0,0,0,8,0,0,0,0,0,0,0,1,0,10,74,0,0,207,0,0,2
"50",-0.274801265617187,0.551312763048663,"1T1","Post","2016","Puako","1","T1",0,38,0,0,0,0,3,1,6,0,3,0,0,0,0,0,0,0,0,0,3,0,0,0,0,0,0,0,10,0,0,2,0,0,0,0,4,157,12,6,0,1,0,8,4,5,3,8,4,0,0,1,4,4,0,1,2,0,0,1,0,1,0,2,0,0,0,0,0,0,0,5,0,0,0,0,0,114,0,0,0
"51",-0.570547626392289,0.577892885126252,"2T1","Post","2016","Puako","2","T1",0,31,0,0,1,0,7,2,22,0,1,1,0,0,0,0,0,0,0,0,14,8,1,0,1,0,0,0,9,1,0,0,0,0,0,0,25,237,32,7,0,9,0,7,3,34,8,17,4,0,0,3,0,3,3,0,0,0,0,1,2,2,0,3,0,0,0,0,0,0,0,0,0,0,0,0,0,184,0,0,7
"52",0.031018966965837,0.315600718523274,"5T1","Post","2016","Puako","5","T1",0,38,0,0,0,0,0,1,7,0,0,0,0,0,0,0,0,0,0,0,0,7,0,1,0,0,0,0,12,1,0,1,0,0,0,0,35,59,23,4,0,0,0,1,5,0,3,6,6,0,0,0,13,5,0,0,7,0,0,0,0,0,0,4,0,0,0,0,0,0,0,0,0,0,0,1,1,64,0,50,2
"53",0.980990099322717,-0.679952551654774,"6T1","Post","2017","Mahukona","6","T1",0,9,0,0,0,0,1,0,0,10,0,0,0,0,0,0,0,0,0,0,1,7,0,0,0,0,0,0,1,0,0,0,0,0,0,0,0,14,12,6,0,1,0,1,1,0,4,2,2,0,0,0,0,0,0,0,0,0,0,1,0,0,47,0,0,2,0,0,0,0,0,0,0,0,0,0,0,5,0,40,2
"54",0.160766478939152,-0.0982215025730239,"7T1","Post","2017","Mahukona","7","T1",0,2,0,0,0,0,0,3,1,25,0,0,0,0,0,0,0,0,0,0,2,1,0,0,0,0,0,0,0,0,0,1,0,0,0,2,0,25,44,6,0,4,0,1,2,0,6,7,1,0,2,0,2,4,0,0,2,0,0,0,0,0,0,2,0,3,0,0,0,0,0,0,0,0,0,0,0,41,0,1,1
"55",-0.579037010871262,-0.0521423974200122,"3T1","Post","2017","Old Kona","3","T1",1,0,0,0,0,0,0,4,5,171,0,0,0,0,0,0,0,0,1,0,5,0,0,0,0,1,0,0,5,0,0,1,0,0,0,0,31,41,132,4,0,1,0,0,2,30,4,15,1,0,0,1,3,2,0,0,1,0,0,0,0,0,0,3,0,0,0,0,1,0,0,0,0,0,0,0,0,109,0,0,1
"56",-0.647233804087302,0.0396283296791562,"4T1","Post","2017","Old Kona","4","T1",1,0,0,0,0,0,0,2,4,92,0,0,1,0,0,0,0,1,0,0,11,0,0,5,0,0,0,0,3,0,0,1,0,0,0,0,14,36,217,9,0,1,0,6,1,11,6,5,3,0,0,0,3,4,0,0,1,0,2,0,0,0,0,7,1,0,0,0,0,0,0,0,0,6,36,0,0,133,0,0,0
"57",-0.243646878198148,0.265127305314325,"1T1","Post","2017","Puako","1","T1",0,41,0,0,0,0,0,2,16,0,2,0,0,0,0,0,2,0,0,0,6,5,0,0,0,0,0,0,4,0,0,0,0,0,0,0,12,57,62,3,0,0,0,2,6,9,1,2,0,0,0,1,0,4,0,0,0,0,0,1,0,0,0,2,0,0,1,0,0,0,0,0,1,0,0,0,0,122,3,0,0
"58",-0.296786944509306,0.346821005383785,"2T1","Post","2017","Puako","2","T1",0,6,0,0,1,0,0,7,26,0,0,0,0,0,1,0,0,0,0,0,23,5,0,0,0,0,0,0,8,0,0,0,0,0,0,0,66,29,53,10,0,1,0,2,0,22,2,8,0,0,0,1,22,7,0,0,0,0,0,0,0,0,0,10,0,0,0,0,0,0,0,1,0,0,0,0,0,95,0,0,5
"59",0.768043062368922,-0.719099165381534,"6T1","Post","2018","Mahukona","6","T1",0,2,0,0,0,0,0,0,0,0,0,0,0,0,0,0,0,0,0,0,0,12,0,0,0,0,0,0,0,6,0,0,0,0,0,0,0,14,28,0,0,2,0,1,2,0,22,2,3,0,0,0,1,1,1,0,0,0,0,0,0,0,0,2,0,6,0,0,0,0,0,0,0,0,0,0,0,21,0,150,0
"60",-0.0607077296166306,-0.454156893291647,"7T1","Post","2018","Mahukona","7","T1",0,0,0,0,1,0,0,0,0,98,0,0,4,0,0,1,0,0,0,0,4,3,0,0,0,0,1,0,0,0,0,2,0,0,0,0,0,19,50,5,1,6,0,0,4,4,1,1,1,0,2,0,1,2,0,0,0,0,1,0,0,0,0,7,0,5,0,0,2,0,0,0,0,0,0,0,0,20,0,1,2
"61",-0.603432752301959,-0.0475506360124185,"3T1","Post","2018","Old Kona","3","T1",2,0,0,0,1,0,0,8,3,149,0,0,2,0,1,0,0,0,1,0,3,0,1,0,0,6,0,2,2,0,2,0,0,0,0,0,17,79,125,5,0,4,0,3,13,4,10,12,2,3,0,5,2,0,0,3,2,0,0,1,0,3,0,12,0,0,0,0,0,0,0,0,1,0,0,0,1,143,0,0,0
"62",-0.897762620499474,0.255130140604892,"4T1","Post","2018","Old Kona","4","T1",4,0,0,0,0,0,0,7,0,39,0,0,0,0,0,0,0,0,0,0,11,0,0,0,0,0,1,2,3,2,0,1,0,1,0,0,0,75,273,2,0,1,0,4,0,0,8,20,1,0,0,1,22,5,0,3,0,0,0,0,0,1,0,4,7,0,0,0,0,0,0,2,1,0,60,0,0,224,0,0,0
"63",-0.103803884170402,0.251004154723226,"1T1","Post","2018","Puako","1","T1",0,6,0,0,0,0,0,1,2,0,0,0,0,0,0,0,0,0,0,0,2,0,0,0,0,0,0,0,4,0,0,0,0,0,0,0,21,70,28,1,0,3,0,1,3,9,0,7,3,0,2,1,0,6,0,0,0,0,1,1,0,0,0,3,0,0,1,0,0,0,0,0,1,0,3,0,0,103,0,0,0
"64",-0.147767399259062,0.386258877145846,"2T1","Post","2018","Puako","2","T1",0,36,0,2,0,0,0,6,6,0,0,0,7,0,0,0,0,0,0,0,42,2,0,0,0,1,0,0,11,0,2,0,0,0,0,0,18,36,32,5,0,4,0,0,1,8,0,2,5,0,0,1,25,4,15,0,0,0,0,3,0,1,0,11,0,1,2,0,0,0,0,0,0,0,0,0,0,91,0,0,3
"65",0.415520829530118,0.139146592791151,"5T1","Post","2018","Puako","5","T1",0,0,0,0,0,0,0,1,3,0,0,0,0,0,0,0,0,0,0,0,2,0,0,0,0,0,0,0,10,0,0,0,0,0,0,0,0,48,15,6,0,3,0,0,1,0,4,5,2,0,0,0,2,1,0,0,0,0,0,1,0,0,0,3,0,1,0,0,0,0,0,0,0,0,0,0,0,29,0,0,3
"66",0.155428322041963,-0.166667512174044,"6T1","Post","2019","Mahukona","6","T1",0,18,0,0,1,0,5,0,0,12,0,1,0,0,0,0,0,0,0,0,4,5,0,0,0,0,0,0,2,2,0,0,0,0,0,0,0,31,70,9,0,10,0,0,3,0,1,7,3,0,2,0,0,3,0,2,4,0,0,0,0,0,0,4,0,8,0,0,0,0,0,1,0,0,0,0,0,37,0,52,0
"67",0.0781322151496984,-0.554995756847221,"7T1","Post","2019","Mahukona","7","T1",0,1,0,1,0,0,2,0,0,36,0,0,0,0,0,1,0,0,0,0,2,5,0,0,1,0,0,0,3,0,0,0,0,0,0,0,0,24,79,6,0,9,0,0,6,0,5,2,2,0,0,0,0,1,0,0,0,0,3,0,0,0,0,8,0,3,0,0,0,0,0,2,1,0,0,0,0,29,0,151,1
"68",-0.525028543284637,-0.0391705545200022,"3T1","Post","2019","Old Kona","3","T1",0,0,0,0,1,0,0,3,3,146,0,0,2,0,0,0,0,0,0,0,18,0,0,0,0,3,0,0,6,1,1,0,0,0,0,0,32,40,108,2,0,2,0,2,3,31,7,15,3,0,0,2,7,0,0,0,2,0,0,0,0,1,0,10,0,0,0,0,0,0,1,3,0,0,0,0,0,105,0,0,2
"69",-0.619026119027214,-0.110733115942105,"4T1","Post","2019","Old Kona","4","T1",0,0,0,1,1,3,0,5,6,177,0,0,0,0,0,0,0,0,0,0,9,0,0,0,0,1,0,0,1,0,0,0,0,1,0,0,5,28,117,3,0,1,0,7,4,49,5,16,1,0,0,0,9,2,0,3,2,0,0,0,0,1,0,8,0,0,0,0,0,0,0,1,1,4,17,0,1,113,0,0,2
"70",-0.704205728059706,0.598195358298409,"1T1","Post","2019","Puako","1","T1",0,45,0,0,0,0,0,2,13,0,1,0,1,0,0,0,0,0,1,4,7,3,0,0,0,0,0,0,1,0,0,5,0,0,0,0,136,22,315,2,0,7,0,1,7,19,1,6,0,0,2,0,1,3,0,3,5,0,0,2,0,1,0,3,0,0,0,1,0,0,0,3,0,0,0,0,0,97,0,11,0
"71",-0.356286248869977,0.232107136346568,"2T1","Post","2019","Puako","2","T1",0,86,0,1,0,0,0,2,1,58,0,0,2,0,0,0,0,0,0,0,6,1,0,0,0,1,0,0,7,0,0,6,0,0,0,0,0,117,15,7,0,8,0,2,12,9,1,4,7,0,2,1,10,5,1,0,0,0,0,1,0,1,0,5,0,0,0,0,0,0,0,1,1,0,0,0,0,99,0,0,1
"72",0.596542140453176,0.208664821172631,"5T1","Post","2019","Puako","5","T1",0,100,0,0,1,0,1,1,3,0,6,0,3,0,0,0,0,0,0,0,1,1,0,0,0,0,0,0,3,0,0,0,0,0,0,0,0,11,41,5,0,5,0,0,4,0,0,5,1,0,0,0,0,4,1,0,0,0,0,1,0,0,0,4,0,1,0,0,0,0,0,2,0,0,0,0,0,23,0,0,0
"73",-0.507613327440226,-0.474311207134928,"3T2","Pre","2009","Old Kona","3","T2",0,0,0,2,0,0,0,2,0,295,0,0,0,0,0,0,0,0,1,0,2,0,0,0,0,0,0,0,2,0,0,0,0,0,1,0,0,18,30,3,0,2,0,2,1,1,6,7,4,0,0,0,12,1,0,0,0,0,0,0,0,0,0,8,0,0,0,0,0,0,0,0,0,0,0,0,0,50,0,0,0
"74",-0.746456973387139,-0.624579562359559,"4T2","Pre","2009","Old Kona","4","T2",7,0,0,0,0,0,0,0,0,205,0,0,0,1,0,0,0,0,2,0,0,0,0,12,0,0,0,0,2,0,0,0,0,0,0,0,1,9,49,0,0,0,0,5,0,5,7,8,1,1,0,2,0,2,0,2,0,0,0,0,0,0,0,13,0,0,0,0,0,0,0,1,0,0,205,0,0,51,0,0,1
"75",0.709984357859189,0.551406919238009,"1T2","Pre","2009","Puako","1","T2",0,0,0,0,0,0,0,2,0,0,0,0,0,0,0,0,0,0,0,0,0,4,0,0,0,0,0,0,3,0,0,0,0,0,0,0,0,17,0,1,0,0,0,0,1,3,0,2,0,0,0,0,2,4,0,0,0,0,0,0,0,0,0,0,0,0,0,0,0,0,0,0,0,0,0,0,0,36,0,0,0
"76",0.330003886771367,0.307650194932733,"2T2","Pre","2009","Puako","2","T2",0,0,0,1,0,0,0,1,0,0,0,0,0,0,0,0,0,0,0,0,0,4,0,0,0,0,0,0,4,0,2,5,0,0,0,0,2,24,12,4,0,1,0,0,0,1,0,1,1,0,0,2,1,0,1,0,0,0,0,0,0,1,0,7,0,0,0,0,0,0,0,0,1,0,1,0,0,61,0,0,1
"77",0.542909535814427,-0.1625092804228,"5T2","Pre","2009","Puako","5","T2",0,0,0,1,0,0,0,1,0,0,0,0,0,0,0,0,0,0,1,0,0,0,0,3,0,0,0,0,3,0,0,0,0,0,2,0,3,22,31,3,0,1,0,0,0,2,3,2,0,0,0,0,2,1,0,0,0,0,0,0,0,0,0,2,0,0,0,0,0,0,0,0,0,0,12,0,0,23,0,30,0
"78",0.449011891963319,-0.730752941229617,"6T2","Pre","2010","Mahukona","6","T2",0,1,0,0,0,0,0,0,0,45,0,0,0,0,0,1,0,0,0,0,0,4,0,0,0,0,0,0,0,0,0,0,0,0,0,0,0,9,12,3,0,4,0,0,0,0,0,3,0,2,0,1,0,0,0,0,0,0,0,0,0,0,0,1,0,0,0,0,0,0,0,0,0,0,0,0,2,17,0,1,0
"79",1.38097805736315,-0.271327057279606,"7T2","Pre","2010","Mahukona","7","T2",0,0,0,1,0,0,0,0,0,0,0,0,1,0,0,0,0,0,0,0,1,0,0,0,0,0,0,0,2,0,0,0,0,0,0,0,0,5,13,1,0,6,0,0,5,0,3,0,0,0,0,1,0,0,0,0,0,0,0,0,0,0,0,4,0,1,0,0,0,0,0,0,0,0,0,0,0,2,0,5,0
"80",-0.553642111279615,-0.365879801391621,"3T2","Pre","2010","Old Kona","3","T2",0,0,0,0,0,0,0,3,0,312,0,0,1,0,0,0,0,0,0,0,1,0,0,0,0,0,0,0,7,0,0,0,0,0,0,0,0,39,41,1,0,3,0,1,5,3,4,4,3,0,0,0,13,0,0,0,0,0,0,0,0,1,0,0,2,0,0,0,0,11,0,2,0,0,3,0,0,60,0,0,1
"81",-1.02960840478171,-0.421720307413346,"4T2","Pre","2010","Old Kona","4","T2",1,0,0,0,0,0,0,3,0,550,0,0,1,0,0,0,0,0,1,0,8,0,0,0,0,1,0,0,3,0,0,0,0,0,0,0,1,8,86,0,0,1,0,6,0,3,3,6,2,0,0,0,20,2,0,2,1,0,1,0,0,0,0,0,0,0,0,0,0,4,0,0,1,0,25,0,0,86,0,0,0
"82",0.467069743996751,0.298059350809213,"1T2","Pre","2010","Puako","1","T2",0,0,0,0,0,0,0,0,0,0,0,0,0,0,0,0,0,0,0,0,3,2,0,0,0,0,0,0,1,0,0,0,0,0,0,0,0,35,10,4,0,0,0,3,2,2,0,0,0,0,0,0,0,5,0,0,0,0,0,0,0,1,0,3,0,0,0,1,0,0,0,1,0,0,1,0,0,39,0,0,0
"83",0.149786628949421,0.443029850508039,"2T2","Pre","2010","Puako","2","T2",0,3,0,1,0,5,0,1,0,0,0,2,0,0,0,0,0,0,0,0,10,1,0,0,0,0,0,0,8,0,1,0,0,0,0,0,0,39,5,4,0,3,0,0,2,7,0,0,0,2,0,4,0,0,0,0,0,0,0,0,0,0,0,5,0,0,0,0,0,0,0,0,0,0,0,0,0,70,0,0,0
"84",1.01400055921223,0.196621898665544,"5T2","Pre","2010","Puako","5","T2",0,0,0,1,0,0,0,0,3,0,0,0,0,0,0,0,0,0,1,0,0,0,0,0,0,0,0,0,7,0,0,1,5,0,0,0,0,5,17,2,0,2,0,0,0,1,7,2,0,0,3,0,0,3,1,0,0,0,0,0,0,0,0,2,0,0,0,0,0,0,0,1,0,0,0,0,0,18,25,2,4
"85",0.836214595049886,-0.110522807976952,"6T2","Pre","2011","Mahukona","6","T2",0,0,0,0,0,0,0,1,0,0,0,0,1,0,0,0,0,0,0,0,0,12,0,0,0,0,0,0,1,0,0,0,0,0,0,0,4,17,21,2,0,4,0,0,1,0,1,5,0,0,3,0,0,0,0,0,0,0,0,0,0,0,0,1,0,0,0,0,0,0,0,0,0,0,0,0,0,13,0,0,0
"86",1.25622482973859,0.011911456079961,"7T2","Pre","2011","Mahukona","7","T2",0,0,0,0,1,1,0,0,0,0,0,0,0,0,0,0,0,1,0,0,1,0,0,0,0,0,0,0,0,0,0,0,0,0,0,0,0,8,7,3,0,2,0,0,3,0,4,1,3,0,4,0,0,0,0,0,1,0,0,0,0,0,0,3,0,1,0,0,0,0,2,0,0,0,0,0,0,10,0,0,0
"87",-0.45246431769818,-0.360446634535293,"3T2","Pre","2011","Old Kona","3","T2",0,0,0,0,0,0,0,2,0,259,0,0,1,0,0,0,0,0,1,0,6,0,0,0,0,2,0,0,2,0,1,2,0,0,0,0,0,32,47,2,0,10,0,2,4,2,9,7,2,0,0,2,17,1,0,1,0,1,0,0,0,1,0,2,0,0,0,0,0,0,0,0,0,0,0,0,0,47,0,0,1
"88",-0.565890982717856,-0.453184927891829,"4T2","Pre","2011","Old Kona","4","T2",4,0,0,0,0,0,0,4,0,230,0,0,1,0,0,0,0,0,0,0,0,0,0,6,0,3,0,2,5,0,1,0,0,0,1,0,5,12,40,3,0,3,0,3,0,7,4,5,0,0,0,0,8,3,0,0,2,0,0,0,0,0,0,9,0,0,0,0,0,0,2,0,0,0,78,0,1,51,0,0,0
"89",0.395224226240346,-0.0588858970022253,"1T2","Pre","2011","Puako","1","T2",0,0,0,0,0,0,0,1,0,0,0,0,0,0,0,0,0,2,0,0,13,2,0,0,0,0,0,0,5,0,0,0,0,0,0,0,0,33,42,1,0,2,0,0,1,2,0,2,0,0,2,0,0,1,0,1,0,0,0,1,0,0,0,2,0,0,0,0,0,0,0,0,0,0,0,0,0,19,0,0,0
"90",0.0804054953631327,0.378243217285685,"2T2","Pre","2011","Puako","2","T2",0,11,0,1,1,1,0,6,0,0,0,0,0,0,0,0,0,0,0,0,8,6,0,0,0,2,0,0,4,0,0,0,0,0,0,0,0,57,7,2,0,3,0,0,2,8,1,7,4,0,0,2,20,2,0,0,9,0,1,0,0,1,0,2,0,0,0,0,0,0,2,2,0,0,1,0,0,60,0,0,0
"91",0.951781676001428,0.167538195776144,"5T2","Pre","2011","Puako","5","T2",0,0,0,0,0,0,0,0,1,0,0,0,0,0,0,0,0,2,0,0,4,0,0,0,0,1,0,0,6,0,0,0,7,0,0,0,0,0,15,2,0,0,0,0,0,0,5,3,1,0,2,0,3,0,0,0,0,0,0,0,0,1,0,3,0,0,0,0,0,0,0,0,0,0,4,0,0,26,0,20,2
"92",0.613074256112858,-0.411027235849714,"6T2","Pre","2012","Mahukona","6","T2",0,1,0,1,0,0,0,2,0,20,0,0,0,0,0,0,0,0,1,0,3,14,0,0,0,0,0,0,0,0,0,0,0,0,0,0,1,15,18,0,0,6,0,0,1,0,2,2,6,0,0,1,0,0,0,0,0,0,0,0,0,0,7,2,0,3,0,0,0,0,0,1,0,0,0,0,0,15,0,0,2
"93",0.730756789811862,-0.325258496381949,"7T2","Pre","2012","Mahukona","7","T2",0,0,0,1,0,0,0,0,0,20,0,0,0,0,0,0,0,0,0,3,0,0,0,0,0,0,0,0,1,0,0,0,0,0,0,0,0,13,14,1,0,7,0,0,3,0,2,4,0,0,2,1,0,3,0,2,0,0,0,0,0,0,0,7,0,0,0,0,0,4,0,0,0,0,0,0,0,14,0,0,0
"94",-0.54303186926495,-0.209778175430371,"3T2","Pre","2012","Old Kona","3","T2",0,0,8,0,0,0,0,2,0,270,0,0,1,0,0,0,0,0,0,0,3,0,0,0,0,0,0,0,6,0,1,2,0,0,0,0,18,62,58,1,0,3,0,2,4,5,9,8,1,0,0,2,0,1,0,0,0,0,0,0,0,0,0,2,0,0,0,0,0,2,0,0,0,0,1,0,0,77,0,0,2
"95",-0.617510019104459,-0.191882989412089,"4T2","Pre","2012","Old Kona","4","T2",1,0,5,0,0,0,0,2,0,237,0,0,0,0,0,0,0,0,0,1,7,0,0,0,0,4,0,5,4,0,0,3,0,0,0,0,10,36,87,2,0,4,0,6,0,5,8,3,2,0,0,0,0,4,0,2,0,0,1,0,0,1,0,0,0,0,0,1,0,9,0,2,0,0,18,0,0,118,0,0,2
"96",0.101780207723296,0.185387424241875,"1T2","Pre","2012","Puako","1","T2",0,1,40,0,0,0,0,1,0,0,0,0,0,0,0,0,0,1,0,0,5,4,0,0,0,0,0,0,9,2,2,2,0,0,0,0,1,35,33,2,0,3,0,2,3,5,0,4,0,0,1,11,0,7,0,0,0,0,0,1,0,0,0,3,0,0,0,3,1,1,0,0,0,0,3,0,0,64,0,0,1
"97",0.235262402736657,0.476527600928939,"2T2","Pre","2012","Puako","2","T2",0,13,0,1,1,0,0,1,0,0,0,0,0,0,0,0,0,0,0,0,2,7,0,0,1,0,0,0,7,0,0,2,0,0,0,0,16,28,3,0,0,3,0,0,4,0,0,0,4,2,0,0,0,3,0,0,0,0,0,0,0,0,0,3,0,0,0,0,0,6,0,0,0,0,0,0,0,61,0,0,2
"98",0.50457078646233,-0.132135245377321,"5T2","Pre","2012","Puako","5","T2",0,0,0,2,0,0,0,0,0,0,0,0,0,0,0,2,0,0,0,0,2,0,0,0,0,1,0,0,7,0,0,0,0,0,0,0,0,12,44,0,0,1,0,0,2,0,9,3,0,0,2,0,0,3,0,0,0,0,0,0,0,0,0,3,0,0,0,0,0,2,0,0,0,0,0,0,0,23,0,0,2
"99",0.33877222182148,-0.211003131755925,"6T2","Post","2013","Mahukona","6","T2",0,4,0,0,0,0,0,0,0,0,0,0,0,0,0,0,1,0,1,0,8,8,0,0,0,0,0,0,1,0,0,0,0,0,0,0,0,43,54,3,0,4,0,1,6,1,1,2,0,1,2,0,0,3,0,0,0,0,0,1,0,0,0,5,0,2,0,0,0,0,0,0,0,0,0,0,0,9,0,5,0
"100",0.991046837033912,-0.459740738616418,"7T2","Post","2013","Mahukona","7","T2",0,0,0,0,1,0,0,1,0,0,0,0,0,0,0,0,0,0,0,0,0,0,0,0,0,0,0,0,0,0,0,0,0,0,0,0,0,8,19,6,0,6,0,0,2,0,2,2,4,0,0,0,1,1,0,0,4,0,0,0,0,0,3,2,0,2,0,0,0,0,0,2,0,0,0,0,0,12,0,64,0
"101",-0.841818813704577,-0.23989336527813,"3T2","Post","2013","Old Kona","3","T2",1,0,0,0,0,0,1,1,0,440,0,0,0,0,1,0,0,0,0,0,7,0,0,0,0,1,0,0,4,0,0,1,1,0,1,0,4,95,98,4,0,2,0,3,0,6,9,6,4,0,0,1,2,0,0,0,1,0,0,0,0,2,0,3,0,0,0,0,0,0,0,2,0,0,2,0,0,111,0,0,1
"102",-0.828046422567722,-0.135452037513536,"4T2","Post","2013","Old Kona","4","T2",0,0,0,0,0,0,0,1,0,305,0,0,0,0,0,0,0,0,0,0,22,0,0,2,0,0,0,0,8,0,0,1,33,0,0,0,5,57,108,1,0,0,0,5,0,32,7,6,3,3,0,4,3,5,0,0,6,0,0,0,0,0,0,6,0,0,0,0,0,0,0,6,1,0,5,0,0,170,0,0,0
"103",0.0785396606487475,0.423026380303403,"1T2","Post","2013","Puako","1","T2",0,43,0,0,1,0,0,0,0,0,0,0,0,0,0,0,0,0,0,0,8,8,3,0,0,0,0,0,2,0,0,2,1,0,0,0,11,40,9,3,0,1,0,1,2,6,2,4,1,0,0,0,1,2,0,1,0,0,1,0,0,1,0,0,1,0,0,0,0,0,0,0,0,0,0,0,0,70,0,0,2
"104",-0.255782265569699,0.241732539285091,"2T2","Post","2013","Puako","2","T2",0,1,0,0,0,1,0,2,0,0,0,0,0,0,0,0,0,0,0,0,3,1,0,5,0,1,0,0,4,0,1,4,2,0,0,0,80,33,67,4,0,8,0,2,11,10,6,8,5,0,0,0,18,4,0,2,5,0,0,8,0,0,0,0,0,0,0,0,0,0,0,0,0,0,0,0,0,89,0,0,0
"105",0.271063904687389,0.0140966559725379,"5T2","Post","2013","Puako","5","T2",0,0,0,1,2,0,0,1,3,0,0,0,0,0,0,0,0,0,0,0,2,0,0,0,0,0,0,0,9,0,0,0,0,0,0,0,0,32,43,5,0,3,0,0,0,0,6,2,0,2,0,0,5,2,0,0,0,0,0,0,0,0,0,25,0,1,0,0,0,0,0,2,0,0,0,0,0,33,0,1,0
"106",0.911471603664245,-0.0820825544565151,"6T2","Post","2014","Mahukona","6","T2",0,0,0,0,0,0,0,0,0,0,0,4,0,0,0,0,0,0,0,0,0,0,0,0,0,0,0,0,0,0,0,0,0,0,0,0,1,23,14,2,0,5,0,0,2,0,0,1,1,0,0,0,0,1,0,0,1,0,0,2,0,0,0,2,0,1,0,0,0,0,0,0,1,0,0,0,0,13,0,11,0
"107",0.597183912464181,-0.0259490573068155,"7T2","Post","2014","Mahukona","7","T2",1,0,0,0,1,0,0,0,0,0,0,0,0,0,0,0,0,0,0,0,0,0,0,0,1,0,0,0,1,0,0,0,0,0,0,0,0,41,21,2,0,2,0,0,3,0,3,2,2,0,4,1,3,1,0,2,0,0,0,0,0,0,0,5,1,2,0,0,0,0,0,2,1,0,0,0,0,14,0,0,0
"108",-0.716045704235162,-0.189569035676439,"3T2","Post","2014","Old Kona","3","T2",5,0,0,1,1,1,0,4,0,295,0,0,0,0,0,0,2,0,0,0,13,0,0,1,0,0,0,0,1,0,0,1,1,0,2,0,10,89,112,4,0,0,0,2,1,4,5,6,2,0,0,0,3,0,0,1,4,0,0,0,0,2,0,9,0,0,0,0,0,0,0,0,0,0,0,0,0,98,0,0,1
"109",-0.734697783409438,-0.0812132371676004,"4T2","Post","2014","Old Kona","4","T2",1,0,0,0,0,0,0,5,0,235,0,0,0,0,0,0,0,3,0,0,3,0,0,0,0,0,0,2,8,0,0,0,0,0,1,0,22,96,98,4,2,3,0,6,0,27,4,11,2,0,0,0,3,5,0,2,0,0,0,0,0,0,0,8,3,0,0,0,0,0,0,4,2,6,41,0,0,141,0,0,2
"110",0.154789960910354,0.129870971610203,"1T2","Post","2014","Puako","1","T2",0,21,0,0,0,0,0,0,0,0,0,0,0,0,0,0,0,0,0,0,7,2,0,0,0,0,0,0,4,0,0,1,0,0,0,0,55,22,60,2,0,0,0,0,6,0,0,1,3,0,2,1,0,4,0,0,0,0,0,1,0,0,0,2,0,0,0,0,0,0,0,1,0,0,0,0,0,34,0,0,0
"111",0.0982061578278876,0.301583482177313,"2T2","Post","2014","Puako","2","T2",0,13,0,2,0,2,0,4,0,2,0,0,0,0,0,0,0,0,0,0,0,7,0,0,0,0,0,1,5,0,3,0,0,0,0,0,45,29,20,3,0,4,0,0,12,19,0,2,0,0,0,2,0,3,0,0,0,0,1,1,0,1,0,5,0,0,1,0,0,0,0,2,1,0,0,0,0,61,0,0,3
"112",0.547708499249114,0.316551028507258,"5T2","Post","2014","Puako","5","T2",0,40,0,0,0,0,0,0,2,0,0,0,0,0,0,0,0,0,1,0,1,2,0,0,0,0,0,0,11,0,0,0,0,0,0,0,0,18,11,2,0,2,0,0,3,1,2,3,2,0,0,0,2,2,0,0,1,0,0,0,0,0,0,3,0,0,0,0,0,0,0,0,0,0,0,0,0,34,0,0,2
"113",-0.39135159070476,-0.0431402398452671,"3T2","Post","2015","Old Kona","3","T2",4,0,0,0,0,2,0,5,0,105,0,0,0,0,0,0,0,0,0,0,8,0,0,0,0,0,0,0,4,0,0,0,2,0,0,0,3,78,69,6,0,4,0,3,3,11,5,10,3,0,0,0,6,2,0,0,0,0,0,0,0,0,0,8,1,0,0,0,0,0,0,0,0,0,2,0,0,118,0,0,3
"114",-0.753683722610007,0.310325836084103,"4T2","Post","2015","Old Kona","4","T2",0,39,0,1,0,5,0,10,1,33,0,0,2,0,0,0,0,0,0,0,5,0,0,1,0,0,0,0,8,0,0,2,0,0,0,0,32,141,150,4,0,1,0,6,3,24,6,8,1,1,0,0,22,7,0,2,2,0,1,0,0,0,0,14,8,0,0,0,0,0,0,0,0,12,67,0,0,202,0,0,1
"115",0.110620908171182,0.0883779352442541,"1T2","Post","2015","Puako","1","T2",0,10,0,0,0,0,0,1,2,0,0,0,0,0,0,0,0,0,0,0,1,6,0,0,0,1,0,0,5,0,0,0,0,0,0,0,2,55,49,8,0,2,0,3,2,12,0,2,0,0,0,3,4,4,0,0,1,0,0,1,0,0,0,3,0,1,1,0,0,0,0,0,0,0,0,0,0,41,0,0,2
"116",-0.137787073975056,0.810926785714494,"2T2","Post","2015","Puako","2","T2",0,12,0,1,0,0,0,2,17,0,0,0,0,0,0,0,0,0,0,0,0,3,0,0,0,0,0,2,6,0,0,0,0,0,0,0,95,25,6,1,0,1,0,1,3,84,0,1,4,5,0,2,0,2,0,0,0,0,0,2,0,0,0,7,2,0,0,0,0,0,0,1,0,0,0,0,0,63,0,0,0
"117",0.515793532636817,0.62477133048213,"5T2","Post","2015","Puako","5","T2",0,0,0,0,0,0,0,4,0,0,0,0,0,0,0,0,0,0,0,0,2,0,0,0,0,0,0,0,1,0,0,0,0,0,0,0,0,26,1,1,0,1,0,0,1,1,51,2,3,1,0,0,0,1,0,0,0,0,0,1,0,0,0,2,0,0,0,0,0,0,0,2,0,0,0,0,0,43,0,1,0
"118",0.191679605938876,-0.519626430070333,"6T2","Post","2016","Mahukona","6","T2",0,19,0,0,0,0,5,1,0,73,0,0,0,0,0,0,0,0,0,0,0,8,0,0,0,0,1,0,0,0,0,0,0,0,0,0,0,21,21,4,0,5,0,0,6,0,1,1,2,0,4,0,0,3,0,0,0,0,0,0,0,0,0,2,0,0,0,0,0,0,0,1,0,0,0,0,0,13,0,0,0
"119",-1.04274835226033,-0.0712532502155858,"3T2","Post","2016","Old Kona","3","T2",1,0,0,0,0,1,0,3,2,320,0,0,0,0,0,0,0,0,1,0,8,0,0,1,0,2,0,0,10,0,0,5,0,0,0,0,15,50,352,5,0,5,0,3,0,89,6,20,9,2,0,2,6,2,0,1,3,0,1,1,0,1,0,12,1,0,0,1,0,0,0,1,0,0,0,0,0,193,0,0,2
"120",-0.694979146187328,0.00695210441928276,"4T2","Post","2016","Old Kona","4","T2",0,0,0,0,0,0,0,5,5,140,0,0,2,0,0,0,0,0,0,0,6,0,0,0,0,1,0,2,3,0,1,2,0,0,0,0,10,41,76,6,0,2,0,10,5,58,13,19,0,0,0,0,7,3,0,0,0,0,0,0,0,1,0,14,0,0,0,0,0,0,0,0,0,23,28,0,0,208,0,0,1
"121",-0.0962726165876773,0.466411798081437,"1T2","Post","2016","Puako","1","T2",0,49,0,0,0,0,0,0,42,0,0,0,3,0,0,0,0,0,0,0,1,1,0,0,0,0,0,0,4,0,0,0,0,0,0,0,8,50,19,12,0,0,0,8,2,4,0,5,4,0,0,2,0,5,0,0,0,0,0,3,0,0,0,2,0,0,0,0,0,0,0,0,0,0,0,0,0,94,0,0,0
"122",-0.500504180182231,0.51470657758095,"2T2","Post","2016","Puako","2","T2",0,22,0,0,2,0,0,1,46,0,0,0,0,0,0,0,0,0,0,0,15,4,0,2,0,0,0,0,9,0,1,1,0,0,0,0,59,119,35,4,0,1,0,4,4,85,8,2,9,0,1,1,12,4,2,0,0,0,0,6,0,1,0,8,0,0,0,0,0,0,0,2,1,0,0,0,0,144,0,0,0
"123",-0.27724363444573,0.398938009142834,"5T2","Post","2016","Puako","5","T2",0,100,0,0,0,0,0,2,2,0,0,0,0,0,0,0,0,0,0,0,1,3,0,1,0,0,0,0,13,1,0,2,0,0,0,0,0,95,57,3,0,2,0,0,3,0,6,8,7,0,0,0,10,5,0,0,4,0,0,0,0,0,0,6,0,0,0,0,0,0,0,1,0,0,0,0,0,87,0,100,1
"124",0.631806959030706,-0.309447275759834,"6T2","Post","2017","Mahukona","6","T2",0,14,0,0,0,0,3,0,0,10,0,0,6,0,0,0,2,0,0,0,0,6,0,0,0,0,0,0,3,0,0,0,0,0,0,0,0,26,28,5,0,6,0,0,0,0,0,0,3,0,0,0,0,2,0,0,0,0,0,1,0,1,0,0,0,4,0,0,0,0,0,2,0,0,0,0,0,7,0,9,0
"125",0.436004160873925,-0.0750656077195404,"7T2","Post","2017","Mahukona","7","T2",0,0,0,0,0,0,0,0,3,0,0,0,0,0,0,0,0,0,0,0,1,0,0,0,0,0,0,1,2,0,0,1,0,0,0,3,0,31,25,3,0,7,0,0,5,9,3,5,1,0,1,1,1,3,0,0,0,0,0,0,0,0,0,4,0,1,0,0,0,0,0,3,0,0,0,1,0,30,0,54,1
"126",-0.64239492814425,-0.0137960119766368,"3T2","Post","2017","Old Kona","3","T2",3,0,0,0,0,1,0,7,0,152,0,0,0,0,0,0,0,0,0,0,16,0,0,0,0,0,0,0,2,0,0,1,0,0,0,0,38,81,153,1,0,2,0,3,6,11,7,9,4,0,0,0,12,0,0,0,2,0,0,0,0,0,0,21,0,0,0,0,1,0,0,0,0,0,1,0,0,107,2,0,0
"127",-0.528301717067533,0.00817825623440284,"4T2","Post","2017","Old Kona","4","T2",0,0,0,0,0,0,0,3,0,91,0,0,0,0,0,0,0,2,1,0,2,0,0,1,0,2,0,0,3,0,0,0,0,0,0,0,8,65,141,5,0,0,0,8,2,25,11,9,2,0,0,0,6,2,0,0,0,0,1,0,0,0,0,6,0,0,0,0,1,0,0,0,0,2,9,0,0,127,0,0,2
"128",-0.318152553333963,0.370919056051505,"1T2","Post","2017","Puako","1","T2",0,37,0,0,0,0,0,0,48,0,2,0,2,0,0,0,1,0,0,0,8,0,0,4,0,0,0,0,1,0,2,0,0,0,0,0,15,64,59,4,0,1,0,2,0,0,0,5,0,0,0,0,0,1,0,0,0,0,0,0,0,0,0,0,2,1,1,0,0,0,0,0,2,0,0,0,0,110,1,1,0
"129",-0.197812601755631,0.267645686177462,"2T2","Post","2017","Puako","2","T2",0,20,0,1,2,0,0,3,11,0,0,0,0,0,0,0,0,0,0,0,11,6,0,0,1,0,0,0,4,0,0,0,0,0,0,0,32,30,44,10,0,5,0,2,2,30,0,5,5,0,0,4,16,5,0,0,0,0,0,4,0,0,0,3,0,0,0,0,0,0,0,0,0,0,0,0,0,105,0,0,11
"130",0.890406685318987,-0.791252063976789,"6T2","Post","2018","Mahukona","6","T2",0,6,0,0,0,0,1,0,0,6,0,0,2,0,0,1,0,0,0,0,0,11,0,0,0,0,0,0,0,0,0,0,0,0,0,0,0,10,21,2,0,6,0,1,9,1,0,3,5,0,0,0,0,0,0,0,0,0,0,0,0,0,0,2,1,2,0,0,0,0,0,0,0,0,0,0,0,11,0,140,0
"131",0.0665023351642776,-0.203652148274576,"7T2","Post","2018","Mahukona","7","T2",0,0,0,1,0,0,2,0,0,40,0,0,5,0,0,1,0,0,0,0,1,4,0,0,1,0,1,0,0,0,0,0,0,0,0,0,9,51,42,5,0,5,0,0,6,7,3,6,3,0,0,2,3,3,0,0,0,0,0,0,0,0,0,6,0,7,0,0,0,0,0,2,0,0,0,0,0,20,0,0,0
"132",-0.511890454788603,-0.0438940085416048,"3T2","Post","2018","Old Kona","3","T2",0,0,0,0,0,0,0,2,7,130,0,0,1,0,0,0,0,0,0,0,3,0,0,0,1,2,0,0,4,0,0,0,0,0,0,0,13,72,117,2,0,1,0,4,10,17,8,15,2,1,0,0,3,0,0,4,1,0,0,0,0,2,0,8,0,0,0,0,0,0,0,2,0,0,0,0,0,106,0,0,0
"133",-0.628355031889591,0.00184256801579388,"4T2","Post","2018","Old Kona","4","T2",2,0,0,0,1,1,0,2,1,90,0,0,0,0,0,0,0,0,2,0,3,0,0,0,0,0,0,2,2,3,0,0,0,9,0,0,0,40,147,3,0,2,0,3,4,8,19,11,2,0,0,0,2,5,0,1,2,0,0,0,0,0,0,6,0,0,1,0,0,0,0,0,0,0,28,0,1,200,0,0,1
"134",-0.111402707792684,0.283996341084602,"1T2","Post","2018","Puako","1","T2",0,20,0,0,0,1,0,0,15,0,0,0,0,0,0,0,0,0,0,0,5,0,0,0,0,0,0,0,2,0,0,0,0,0,0,0,30,46,48,0,0,3,0,3,0,6,0,1,1,0,0,0,0,8,0,0,1,0,0,2,0,0,0,0,2,0,0,0,0,0,0,0,1,0,0,1,0,79,0,0,1
"135",-0.185076560211437,0.439936460062689,"2T2","Post","2018","Puako","2","T2",0,26,0,1,1,0,0,6,14,0,1,0,4,0,0,0,0,0,0,0,4,1,0,0,0,0,0,0,5,0,1,2,0,0,0,0,20,50,19,8,0,7,0,1,1,65,0,2,5,0,0,2,1,2,5,0,1,0,0,5,0,2,0,15,0,0,0,0,0,0,0,1,1,0,0,0,0,94,0,0,1
"136",0.308733846152306,0.257895297564929,"5T2","Post","2018","Puako","5","T2",0,52,0,0,0,0,0,0,3,0,0,0,0,0,0,0,0,0,0,0,2,3,0,0,0,0,0,0,14,0,0,1,0,0,0,0,0,54,22,2,1,2,0,1,0,0,0,4,0,0,0,0,0,2,0,5,0,0,0,1,1,0,2,3,0,3,0,0,0,0,0,2,0,0,0,0,0,44,0,66,4
"137",0.398246429255952,-0.268430300305719,"6T2","Post","2019","Mahukona","6","T2",0,10,0,1,0,0,5,0,0,5,0,0,0,0,0,1,1,0,0,0,1,3,0,0,0,0,0,0,1,0,0,0,0,0,0,0,0,31,35,7,0,2,0,0,7,0,6,5,4,0,0,0,0,1,0,0,3,0,0,0,0,0,0,2,0,6,0,0,0,0,0,0,0,0,0,0,0,31,0,97,0
"138",0.204253073404732,-0.165874566595274,"7T2","Post","2019","Mahukona","7","T2",0,1,0,1,0,0,1,0,0,1,0,0,0,0,0,3,0,0,0,0,0,3,0,5,0,0,0,0,0,0,0,0,0,0,0,0,0,39,70,8,0,5,0,1,8,1,8,9,0,0,2,0,1,0,0,0,1,0,2,0,0,0,0,4,0,1,0,0,0,0,0,0,0,0,0,0,0,22,0,1,0
"139",-0.672914213496261,-0.0695315077635578,"3T2","Post","2019","Old Kona","3","T2",0,0,0,0,0,0,0,6,4,215,0,0,0,0,0,0,0,0,0,0,9,0,0,0,0,1,0,0,4,0,0,0,0,0,0,0,31,49,142,8,0,2,0,1,4,52,10,23,5,0,0,1,5,1,0,0,1,0,1,0,0,0,0,13,0,0,0,0,1,0,2,1,1,0,0,0,0,107,0,0,1
"140",-0.617922476967781,0.101497074517083,"4T2","Post","2019","Old Kona","4","T2",0,0,0,0,0,0,0,0,7,65,0,0,0,0,0,0,1,0,0,0,10,0,0,0,0,1,0,2,0,1,0,4,0,1,0,0,4,42,140,6,0,0,0,4,0,58,8,21,1,0,0,0,12,5,0,4,2,0,0,0,0,0,0,7,0,0,0,0,0,0,0,0,1,1,13,0,0,152,0,0,1
"141",-0.3174517963881,0.417327346821106,"1T2","Post","2019","Puako","1","T2",0,50,0,0,0,0,0,3,5,0,1,0,2,0,0,0,0,0,0,0,6,5,0,2,0,0,0,0,5,0,0,1,0,0,0,0,119,34,67,6,0,3,0,1,4,21,0,2,2,0,0,3,0,2,0,6,0,0,0,4,0,0,0,3,0,0,0,0,0,0,0,0,0,0,0,0,0,99,0,0,0
"142",-0.501684933294261,0.135846329806836,"2T2","Post","2019","Puako","2","T2",0,104,0,1,1,1,0,6,5,133,0,0,0,0,0,0,0,0,0,1,5,6,0,0,0,0,0,0,11,0,0,2,0,0,0,0,1,56,18,7,0,11,0,3,6,82,1,8,6,0,0,2,10,5,0,1,1,0,0,3,0,2,0,5,0,0,0,0,0,0,0,1,0,0,1,0,0,92,0,0,5
"143",0.465552769347108,0.0822320026201387,"5T2","Post","2019","Puako","5","T2",0,63,0,0,0,1,1,3,4,0,0,0,0,0,0,0,0,0,1,1,1,0,0,0,2,0,0,0,8,0,0,0,0,0,0,0,0,16,40,2,0,3,0,0,5,0,0,3,3,0,0,0,0,4,0,0,0,0,0,1,0,0,0,9,0,0,0,0,0,0,0,0,0,0,0,0,0,22,0,0,1
"144",-0.719826540702606,-0.725890872611857,"3T3","Pre","2009","Old Kona","3","T3",0,0,0,0,0,0,0,2,0,410,0,0,0,0,0,0,0,0,0,0,2,0,0,0,0,0,0,0,1,0,0,0,0,0,2,0,0,15,36,1,0,2,0,1,0,2,4,4,1,0,0,0,20,0,0,1,0,0,0,0,0,0,0,3,0,0,0,0,0,0,0,0,0,0,0,0,0,26,0,0,1
"145",-0.75651492767032,-0.404653185013481,"4T3","Pre","2009","Old Kona","4","T3",5,0,0,0,0,0,0,3,0,245,0,0,0,0,0,0,0,0,0,0,0,0,0,0,0,0,0,4,4,0,0,2,0,0,0,0,3,10,63,0,0,2,0,4,4,12,6,9,0,0,0,0,11,3,0,0,3,0,0,0,0,0,0,10,2,0,0,0,0,0,0,0,0,0,155,0,0,71,0,0,0
"146",0.761783022744133,0.68042200103059,"1T3","Pre","2009","Puako","1","T3",0,0,0,0,0,0,0,1,0,0,0,0,0,0,0,0,0,0,0,0,1,5,0,0,0,0,0,0,0,0,0,0,0,0,0,0,0,2,5,2,0,1,0,0,1,8,0,0,0,0,0,0,1,3,0,0,1,0,0,0,0,0,0,1,0,0,0,0,0,0,0,0,0,0,0,0,0,39,0,0,0
"147",-0.120349761584934,1.0407285875472,"2T3","Pre","2009","Puako","2","T3",0,0,0,0,0,0,0,1,0,20,0,0,0,4,0,0,0,0,0,0,0,0,0,0,0,0,0,0,0,0,1,2,0,0,0,0,0,3,0,0,0,0,0,0,0,0,9,0,0,2,0,0,29,0,0,0,0,0,0,0,0,3,0,0,0,0,0,0,0,0,0,0,1,0,0,1,0,68,0,0,0
"148",1.05252770465645,-0.535858615217641,"5T3","Pre","2009","Puako","5","T3",0,0,0,0,0,0,0,0,0,0,0,0,0,0,0,0,0,0,0,0,0,0,0,0,0,1,0,0,0,0,0,0,1,0,0,0,2,3,11,2,0,0,2,2,0,2,7,1,2,0,0,0,0,1,0,0,0,0,0,0,0,0,0,1,0,0,0,0,0,0,0,2,0,0,22,0,0,22,0,60,0
"149",0.71659492585574,-0.0123795119029875,"6T3","Pre","2010","Mahukona","6","T3",0,1,0,0,0,0,0,0,0,10,0,0,0,0,0,0,0,0,0,0,0,4,0,0,0,0,0,0,0,0,0,0,0,0,0,0,0,11,11,4,0,3,0,0,4,1,1,2,1,0,0,0,0,0,0,0,1,0,0,0,0,0,0,5,0,3,0,0,0,0,0,2,0,0,0,0,1,31,0,1,0
"150",1.30990495153712,0.101380068672683,"7T3","Pre","2010","Mahukona","7","T3",0,8,0,2,0,0,0,2,0,0,0,0,0,0,0,0,0,0,0,0,0,0,0,0,0,0,0,0,1,0,0,0,0,0,0,0,0,8,5,4,0,10,0,0,0,0,4,0,0,0,1,1,0,0,0,0,0,0,0,0,0,0,0,8,0,1,0,0,0,0,0,0,0,0,0,0,0,8,0,1,0
"151",-0.997393352617208,-0.438032056794535,"3T3","Pre","2010","Old Kona","3","T3",0,0,0,0,0,0,0,0,0,665,0,0,0,0,0,0,0,0,1,0,5,0,0,0,0,0,0,0,6,0,0,3,0,0,0,0,0,38,69,2,0,2,0,3,0,6,2,4,2,0,0,3,8,0,0,0,3,0,0,0,0,0,0,0,0,0,0,0,0,11,0,0,0,0,2,0,1,76,0,0,0
"152",-0.871734724980658,-0.463768163724054,"4T3","Pre","2010","Old Kona","4","T3",2,0,0,1,0,1,0,0,0,400,0,0,0,0,0,0,0,0,0,0,4,0,0,2,0,5,1,1,0,0,0,0,0,0,0,0,6,7,91,0,0,2,0,5,1,7,4,8,3,0,0,1,8,1,0,0,3,1,6,0,0,0,0,0,0,0,0,0,0,8,0,0,0,0,18,0,0,59,0,0,2
"153",0.457111153028704,0.245974604702027,"1T3","Pre","2010","Puako","1","T3",0,1,0,0,0,0,0,1,0,0,0,0,0,0,0,0,0,0,0,0,2,7,0,0,0,0,0,0,8,0,0,1,0,0,0,0,0,31,11,1,0,1,0,0,0,2,0,1,3,0,0,2,0,3,0,0,0,0,0,0,0,0,0,5,0,0,0,0,0,0,0,2,0,0,0,0,0,40,0,0,0
"154",0.660927983190692,0.57797570492081,"2T3","Pre","2010","Puako","2","T3",0,0,0,4,0,0,0,1,0,0,0,0,0,0,0,0,0,0,0,0,0,1,0,0,0,0,0,0,0,0,0,2,0,0,0,0,0,15,3,3,0,0,0,0,0,7,1,0,0,0,2,2,0,1,0,0,0,0,0,0,1,0,0,1,0,0,0,0,0,0,0,0,0,0,0,0,0,42,0,0,0
"155",0.713792965713182,0.000286900621734164,"5T3","Pre","2010","Puako","5","T3",0,0,0,0,0,0,0,8,0,0,0,0,2,0,0,0,0,0,0,0,0,0,0,0,0,0,0,0,3,0,0,0,1,0,0,0,0,16,22,4,0,3,0,0,1,1,1,0,0,1,0,0,0,4,0,2,2,0,0,1,0,0,0,8,0,0,0,0,0,0,0,1,0,0,0,0,1,19,0,0,1
"156",0.628493097102024,-0.723909643826154,"6T3","Pre","2011","Mahukona","6","T3",0,0,0,0,0,0,0,0,0,25,0,0,0,0,0,0,0,0,0,0,1,10,0,0,0,0,0,0,2,0,0,0,0,0,0,0,2,10,21,0,0,6,0,0,5,0,1,0,3,0,0,0,0,0,0,0,0,0,0,0,0,2,0,1,0,2,0,0,0,0,0,0,1,0,0,0,0,5,0,0,0
"157",1.14470192656682,0.0265958130671877,"7T3","Pre","2011","Mahukona","7","T3",0,0,0,0,0,0,0,2,0,0,0,0,0,0,0,0,0,0,0,0,0,0,0,0,0,0,0,0,0,0,0,0,0,0,0,0,0,8,9,3,0,3,0,0,4,0,2,0,1,0,0,1,0,0,0,0,0,0,0,0,0,0,0,5,0,0,0,0,0,0,0,0,0,0,0,0,0,14,0,2,0
"158",-0.654538039073543,-0.507465668897382,"3T3","Pre","2011","Old Kona","3","T3",0,0,0,0,0,0,0,3,0,400,0,0,0,0,0,0,0,0,0,0,5,0,0,0,0,0,0,0,1,0,0,0,0,0,1,0,0,32,40,3,0,3,0,3,0,5,11,7,2,0,0,0,24,0,0,0,1,1,0,0,0,0,0,4,0,0,0,0,0,0,0,4,0,0,0,0,0,41,0,0,1
"159",-0.460731616486351,-0.245797197058354,"4T3","Pre","2011","Old Kona","4","T3",2,0,0,0,0,0,0,1,0,195,0,0,0,0,0,0,0,0,0,0,6,0,0,1,0,0,0,0,2,0,0,0,0,0,0,0,7,21,66,2,0,0,0,8,1,5,6,6,3,0,0,0,19,3,0,1,0,1,0,1,0,0,0,7,0,0,0,1,0,0,0,0,0,0,14,0,0,67,0,0,1
"160",0.509393178819156,0.350384637874803,"1T3","Pre","2011","Puako","1","T3",0,24,0,0,0,0,0,0,0,0,0,0,0,0,0,0,0,0,0,0,2,0,0,0,0,0,0,0,5,0,0,0,0,0,0,0,0,33,12,1,0,0,0,0,4,2,0,1,0,0,2,0,0,9,0,0,0,0,0,1,0,0,0,0,0,0,0,0,0,0,0,0,0,0,0,0,0,33,0,0,0
"161",0.172215055253112,0.504857401229097,"2T3","Pre","2011","Puako","2","T3",0,3,0,0,0,0,0,2,0,0,0,0,0,0,0,0,0,0,0,0,1,1,20,0,1,3,0,0,7,0,0,0,0,0,0,0,0,22,7,5,0,0,0,4,1,1,3,4,4,0,2,0,5,4,1,0,13,1,0,1,0,1,0,0,0,0,0,0,0,0,0,1,0,0,0,0,0,76,0,1,3
"162",1.06361544981355,-0.00394734384687688,"5T3","Pre","2011","Puako","5","T3",0,0,0,0,0,0,0,1,0,0,0,0,0,0,0,0,0,0,1,0,1,0,0,0,0,0,0,0,4,0,0,2,0,0,0,0,0,4,17,6,0,0,0,0,0,0,3,2,4,0,0,0,0,1,0,0,3,0,0,0,0,0,0,1,0,0,0,0,0,0,0,0,0,0,1,0,0,13,0,2,3
"163",0.250329438968029,-0.741017660316192,"6T3","Pre","2012","Mahukona","6","T3",0,6,0,1,0,0,0,1,0,60,0,0,0,0,0,0,0,0,0,0,2,8,0,0,0,0,0,0,0,0,0,0,0,0,0,0,0,11,27,0,0,4,0,0,4,0,1,0,3,0,0,0,0,0,0,0,0,0,0,0,0,0,0,2,0,0,0,0,0,2,0,0,0,0,0,0,0,7,0,1,0
"164",0.279212442055335,-1.22131295641726,"7T3","Pre","2012","Mahukona","7","T3",0,0,0,2,0,0,0,0,0,52,0,0,0,0,0,0,0,0,1,2,1,0,0,0,0,0,0,0,0,1,0,0,0,0,0,0,0,9,3,0,0,1,0,0,0,0,0,1,0,0,0,0,0,2,0,1,0,0,0,1,0,0,0,2,0,0,0,0,0,0,0,0,0,0,0,0,0,8,0,0,0
"165",-0.527392203263705,-0.255862025773257,"3T3","Pre","2012","Old Kona","3","T3",0,0,24,1,0,0,0,1,0,240,0,0,0,0,0,0,0,0,0,1,3,0,0,0,0,0,0,0,4,0,0,1,0,0,0,0,7,42,70,0,0,1,0,2,0,5,3,7,2,0,0,2,0,1,0,1,0,0,0,0,0,0,0,3,0,0,0,0,0,6,0,2,0,0,1,0,0,71,0,0,2
"166",-0.00951077790732243,0.108948841747612,"1T3","Pre","2012","Puako","1","T3",0,2,21,0,2,0,0,3,0,0,0,0,0,0,0,0,0,0,0,0,3,5,0,0,0,0,0,0,7,2,2,2,0,0,0,0,11,35,60,0,0,3,0,0,2,4,0,7,1,0,0,5,0,6,0,0,0,0,0,1,0,0,0,2,0,0,0,2,0,4,0,0,1,0,0,0,0,63,0,0,3
"167",0.772913365051194,0.110694123751604,"5T3","Pre","2012","Puako","5","T3",0,2,0,0,0,0,0,2,0,0,0,0,0,0,0,0,0,0,0,3,1,0,0,0,0,0,0,0,5,0,0,0,0,0,0,0,0,12,14,0,0,4,0,2,0,1,4,8,1,0,2,2,0,2,1,0,0,0,0,0,0,0,0,1,0,0,0,0,0,3,0,2,0,0,0,0,0,22,0,0,6
"168",0.714037882172359,-0.369025856308452,"6T3","Post","2013","Mahukona","6","T3",0,4,0,0,0,0,0,0,0,8,1,0,0,0,0,0,0,0,0,0,0,5,0,0,0,1,0,0,4,0,0,0,0,0,0,0,0,27,19,4,0,4,0,0,3,1,3,1,4,0,4,0,0,4,0,0,2,0,0,0,0,0,0,0,0,3,0,0,0,5,0,0,0,0,0,0,0,10,0,64,0
"169",0.573092434961792,-0.224901205263937,"7T3","Post","2013","Mahukona","7","T3",0,0,0,0,2,0,0,1,0,5,0,0,0,0,0,0,0,0,0,0,2,0,0,0,0,0,0,0,1,0,0,0,0,0,0,0,0,15,29,8,0,6,0,0,8,0,8,2,3,1,0,0,0,0,0,0,4,0,0,0,0,0,0,11,0,1,0,0,1,0,0,2,0,0,0,0,0,17,0,3,1
"170",-0.878394809585935,-0.264032145811488,"3T3","Post","2013","Old Kona","3","T3",1,0,0,0,0,0,0,0,0,505,0,0,0,0,0,0,0,0,0,0,8,0,0,0,0,1,0,0,3,0,1,1,2,0,0,0,8,72,101,4,0,2,0,0,0,15,8,5,2,0,0,1,5,1,0,1,1,0,0,0,0,0,0,9,0,0,0,0,0,0,0,0,0,0,0,0,0,91,0,0,1
"171",-1.02903788716138,-0.159711095856878,"4T3","Post","2013","Old Kona","4","T3",2,0,0,0,2,0,0,5,0,520,0,0,0,1,0,0,0,1,0,0,25,0,0,0,0,2,0,2,5,0,0,0,22,0,0,0,6,77,158,3,0,0,0,10,4,30,5,6,4,0,0,2,5,5,0,0,2,0,1,0,0,0,0,10,2,0,0,0,0,0,0,0,0,0,0,0,0,178,0,0,2
"172",-0.435060467680143,0.601924004708273,"1T3","Post","2013","Puako","1","T3",1,103,0,0,2,0,0,0,0,0,0,0,0,0,0,0,0,0,0,0,36,18,3,10,0,0,0,0,5,0,0,2,3,0,0,0,17,96,17,6,0,2,0,1,2,23,7,8,3,0,0,0,46,8,0,1,0,0,2,0,1,1,1,0,2,0,0,0,0,0,0,0,0,0,0,0,0,120,0,0,2
"173",-0.4239783420108,0.642273998090096,"2T3","Post","2013","Puako","2","T3",0,2,0,0,0,0,0,1,0,0,0,0,0,0,0,0,0,0,0,0,3,3,0,5,0,1,0,0,16,0,1,1,0,0,0,0,165,6,40,3,0,3,0,0,7,43,7,8,3,2,0,2,23,4,1,3,1,0,0,0,0,0,0,1,0,0,0,0,0,0,0,0,0,0,0,0,0,96,0,0,2
"174",0.731767378651809,0.204971263636735,"5T3","Post","2013","Puako","5","T3",0,0,0,0,0,0,0,1,3,0,0,0,0,0,0,0,0,0,0,0,1,1,0,0,0,0,0,0,5,0,0,0,0,0,0,0,0,12,12,2,0,2,0,0,0,0,1,1,3,0,2,0,4,2,0,0,1,0,0,0,0,0,0,2,0,0,0,0,0,0,0,1,0,0,0,0,0,29,1,0,3
"175",0.796363727603911,0.210755434510682,"6T3","Post","2014","Mahukona","6","T3",0,2,0,0,0,1,0,0,0,0,0,0,0,0,0,0,0,0,0,0,0,2,0,0,0,0,0,0,4,0,0,0,0,0,0,0,0,39,7,5,0,5,0,0,2,0,0,5,2,0,0,0,0,1,0,0,0,0,0,0,0,0,0,4,0,0,0,0,0,0,0,2,0,0,0,0,0,9,0,0,0
"176",-0.768342707200288,-0.222402564030912,"3T3","Post","2014","Old Kona","3","T3",2,0,0,0,3,0,0,2,0,355,0,0,1,0,0,0,0,0,1,0,13,0,0,0,0,0,0,0,2,0,0,2,1,0,0,0,6,73,90,1,0,1,0,3,2,4,28,7,0,3,0,2,4,1,0,1,5,0,0,0,0,0,0,17,1,0,0,0,0,0,0,0,0,0,1,0,1,108,0,0,2
"177",-0.847371041314404,0.010685331811873,"4T3","Post","2014","Old Kona","4","T3",1,0,0,0,1,0,0,1,0,190,0,0,0,0,0,0,0,0,0,0,13,0,0,1,0,0,0,13,7,0,0,2,1,0,1,0,34,99,184,6,0,4,0,8,0,23,6,12,2,1,0,3,14,5,0,1,0,0,0,0,0,0,0,7,2,0,0,0,0,0,0,3,1,13,66,0,0,164,0,0,4
"178",-0.0721973236449501,0.451251319557722,"1T3","Post","2014","Puako","1","T3",0,27,0,0,1,0,0,1,0,0,0,0,2,0,0,0,0,0,0,0,1,0,0,0,0,0,0,0,5,1,0,1,0,0,0,0,85,25,33,1,0,1,0,0,5,4,0,0,2,0,0,0,0,3,0,0,0,0,0,0,0,0,0,1,0,0,0,0,0,0,0,3,0,0,3,0,0,85,0,0,0
"179",0.00534297267130319,0.186637520857349,"2T3","Post","2014","Puako","2","T3",0,11,0,1,0,0,0,3,0,0,0,0,0,0,0,0,0,0,0,0,1,2,0,0,0,0,0,0,10,0,1,0,0,0,1,0,16,30,30,3,0,5,0,0,7,8,0,4,1,0,0,0,6,2,0,0,0,0,0,1,0,2,0,8,0,0,0,0,0,0,0,1,1,0,0,0,0,92,0,0,3
"180",0.459006187119828,0.131090986240442,"5T3","Post","2014","Puako","5","T3",0,21,0,0,0,0,0,1,0,0,0,0,1,0,0,0,0,0,0,0,1,0,0,0,1,1,0,0,6,0,0,0,0,0,0,0,1,11,30,3,0,1,0,3,0,0,2,3,2,0,0,1,0,2,0,0,0,0,0,2,0,0,0,4,0,0,0,0,0,0,0,1,0,0,0,0,0,36,0,0,3
"181",-0.457485760794568,0.0160995723979017,"3T3","Post","2015","Old Kona","3","T3",3,0,0,0,1,0,0,1,0,80,0,0,0,0,0,0,0,0,1,0,10,0,0,0,0,0,0,0,5,0,0,0,2,0,0,0,0,93,78,4,0,3,0,3,7,30,8,4,2,1,0,0,10,2,0,0,2,0,0,0,0,0,0,7,0,0,0,0,0,1,0,1,0,0,0,0,0,152,0,0,0
"182",-0.816085707424273,0.172951613087033,"4T3","Post","2015","Old Kona","4","T3",0,0,0,0,2,0,0,6,0,70,0,0,1,0,0,0,0,6,1,0,9,0,0,0,0,0,0,0,5,0,0,2,1,0,0,0,21,107,216,1,0,1,0,6,4,22,9,5,5,0,0,1,4,6,0,4,2,0,0,2,0,0,0,6,1,0,0,0,0,0,0,0,0,2,90,0,0,192,0,0,2
"183",0.385411601501595,0.333856476847301,"1T3","Post","2015","Puako","1","T3",0,0,0,0,2,0,0,1,0,0,0,0,0,0,0,0,0,0,0,0,2,1,0,0,0,0,0,0,4,0,0,0,0,0,0,0,3,35,7,7,0,0,0,7,8,6,2,0,4,0,0,0,0,6,0,0,0,0,0,3,0,1,0,3,0,0,0,0,0,0,0,0,0,0,0,0,0,39,0,0,1
"184",0.296737589704522,-0.106077922788524,"5T3","Post","2015","Puako","5","T3",0,0,0,0,4,0,0,0,0,0,0,0,0,0,0,0,0,0,0,0,1,0,0,0,0,0,0,0,0,0,0,0,0,0,0,0,1,16,52,5,0,2,0,3,0,0,42,3,2,4,0,3,0,1,0,0,1,0,0,0,0,0,0,1,0,0,0,0,0,0,0,0,0,0,0,0,0,38,0,2,3
"185",-0.214801711133909,-0.30945856054187,"6T3","Post","2016","Mahukona","6","T3",0,1,0,3,0,1,0,0,0,136,0,0,0,0,0,3,0,0,0,1,1,1,0,1,0,0,0,0,1,0,0,0,0,0,0,1,0,36,46,11,0,16,0,0,10,0,3,13,2,0,0,2,2,2,0,1,1,0,2,0,0,0,2,5,0,0,0,0,0,0,0,0,0,0,0,0,0,39,0,0,0
"186",-0.954199326875774,-0.167636119264092,"3T3","Post","2016","Old Kona","3","T3",0,0,0,0,0,0,0,1,10,525,0,0,1,0,0,0,0,0,0,0,7,0,0,0,0,1,0,1,6,0,1,0,2,0,0,0,25,49,109,4,0,3,0,4,1,38,8,2,1,0,2,1,5,5,0,2,2,0,0,0,0,1,0,7,0,0,0,0,0,0,0,0,0,0,1,0,0,162,0,0,0
"187",-0.79380877712105,-0.0573843255067951,"4T3","Post","2016","Old Kona","4","T3",1,0,0,0,0,0,0,5,0,197,0,0,0,0,0,0,0,1,0,0,5,0,0,0,2,0,0,1,3,0,0,2,0,0,0,0,17,32,121,1,0,1,0,13,3,40,17,6,1,0,0,0,38,5,0,0,1,0,0,0,0,0,0,18,0,0,0,0,0,0,0,0,0,8,18,0,0,202,0,0,3
"188",-0.159320462374398,0.281094434928186,"1T3","Post","2016","Puako","1","T3",0,34,0,1,0,0,8,1,28,0,1,0,0,0,0,0,0,0,0,0,3,7,0,0,0,0,0,0,2,0,0,0,0,0,0,0,2,58,41,10,0,1,0,2,1,2,0,7,5,0,0,6,2,4,0,0,0,0,0,2,0,0,0,1,0,0,0,0,0,0,0,2,0,0,0,0,0,114,3,1,1
"189",-0.58593025784406,0.561132633678819,"2T3","Post","2016","Puako","2","T3",0,21,0,1,1,0,0,0,7,0,0,0,0,0,0,0,0,0,0,0,9,1,0,0,0,0,0,0,9,0,0,2,0,0,0,0,49,184,32,4,0,6,0,3,3,78,2,19,10,0,0,2,40,3,1,0,1,0,0,2,0,0,0,5,5,0,0,0,0,0,0,0,0,0,0,0,0,174,0,0,1
"190",0.0297093923808585,0.170849448766692,"5T3","Post","2016","Puako","5","T3",0,70,0,0,1,0,0,3,3,0,0,0,0,0,0,0,0,0,0,0,1,4,0,5,0,0,0,0,18,1,0,3,1,0,0,0,2,56,43,3,0,5,0,2,1,1,3,5,4,0,0,3,8,5,0,0,3,0,0,2,0,0,0,1,0,0,0,0,0,0,0,1,0,0,0,0,0,63,0,31,6
"191",0.738808442731447,-0.610875647186097,"6T3","Post","2017","Mahukona","6","T3",0,9,0,0,0,0,3,0,1,5,0,0,0,0,0,0,0,0,0,0,0,14,0,0,0,0,0,0,2,0,0,0,0,0,0,0,0,20,32,3,0,2,0,0,2,2,0,0,1,0,0,0,0,3,0,0,1,0,0,0,0,1,0,5,0,0,0,0,0,0,0,2,0,0,0,0,0,2,0,81,0
"192",0.413777694724583,-0.0353758812811279,"7T3","Post","2017","Mahukona","7","T3",0,0,0,1,0,0,1,0,3,0,0,0,0,0,0,0,0,0,0,0,0,0,0,0,0,1,0,1,0,0,0,0,0,0,0,2,0,33,28,4,0,3,0,0,6,0,2,6,1,0,0,1,0,2,0,0,2,0,0,0,0,0,0,5,0,1,0,0,1,0,0,2,0,0,0,1,0,35,0,35,2
"193",-0.756211236959195,-0.0990038092286282,"3T3","Post","2017","Old Kona","3","T3",2,1,0,0,0,0,0,2,0,280,0,0,1,0,0,0,0,0,0,0,12,0,0,0,0,0,0,0,5,3,0,0,0,0,0,0,20,65,141,4,0,3,0,4,4,40,6,9,3,0,0,2,8,0,0,1,1,0,0,0,0,0,0,5,0,0,0,0,1,0,0,1,0,0,0,0,0,150,0,1,1
"194",-0.41423112947355,0.0572968540069336,"4T3","Post","2017","Old Kona","4","T3",6,0,0,1,1,0,0,2,1,55,0,0,0,0,0,0,0,4,0,0,3,0,0,1,0,0,0,0,5,0,0,0,0,0,0,0,22,42,91,5,0,1,0,8,2,42,6,7,0,0,0,1,6,1,0,0,1,0,0,0,0,1,0,4,1,0,0,0,1,0,0,0,0,10,2,0,0,127,0,0,3
"195",-0.136357959526078,0.317545837584829,"1T3","Post","2017","Puako","1","T3",0,26,0,0,0,0,0,0,6,0,0,0,0,0,0,0,0,0,1,0,7,2,0,0,0,0,0,0,6,0,0,0,0,0,0,0,25,87,36,1,0,1,0,2,0,5,0,1,3,0,0,0,4,4,0,0,0,0,0,1,0,0,0,4,2,0,0,0,0,0,0,0,1,0,0,0,0,85,0,0,0
"196",-0.240358102526413,0.380350903499967,"2T3","Post","2017","Puako","2","T3",0,10,0,1,0,1,0,2,13,2,0,0,0,0,0,0,0,0,0,0,3,1,0,0,0,1,0,0,5,0,0,0,0,0,0,0,59,68,21,5,0,5,0,0,3,22,0,6,1,0,0,0,20,3,0,0,0,0,0,0,1,1,0,4,1,0,0,0,0,0,0,2,0,0,0,0,0,117,0,2,3
"197",0.653734986504271,-0.376180561514477,"6T3","Post","2018","Mahukona","6","T3",0,4,0,0,0,0,1,1,0,0,0,0,0,0,0,0,0,0,0,0,0,5,0,0,0,0,0,0,1,0,0,0,0,0,0,0,1,23,31,2,0,2,0,0,3,0,0,3,0,0,0,0,0,0,0,0,1,0,0,0,0,1,0,1,0,3,0,0,0,0,0,0,0,0,0,0,0,23,0,100,0
"198",-0.135928693789534,-0.459740182097067,"7T3","Post","2018","Mahukona","7","T3",0,0,0,0,0,0,0,1,0,142,0,0,0,0,0,0,0,0,0,0,0,6,0,0,0,0,1,0,1,0,0,0,0,0,0,0,0,24,29,5,0,17,0,1,13,1,2,2,2,0,2,0,1,1,0,0,0,0,0,0,0,0,0,7,0,3,0,0,0,0,1,0,0,0,0,0,0,28,0,0,1
"199",-0.501153409052713,0.0507518502208419,"3T3","Post","2018","Old Kona","3","T3",0,0,0,0,1,0,0,3,2,74,0,0,0,0,0,0,0,0,0,0,4,0,0,0,0,1,0,0,11,0,1,1,0,0,0,0,2,55,99,1,0,2,0,3,3,43,11,37,0,0,0,0,2,4,0,2,4,0,1,0,0,0,0,2,0,0,0,0,2,0,0,0,0,0,0,0,0,141,0,0,0
"200",-0.837476430429898,-0.0267644624504143,"4T3","Post","2018","Old Kona","4","T3",2,0,0,0,2,0,0,5,1,112,0,0,0,0,0,0,0,2,1,0,5,0,0,0,0,0,0,5,4,1,0,2,0,4,0,0,0,23,276,7,0,2,0,6,0,5,5,14,0,0,0,0,4,1,0,2,4,0,0,0,0,0,0,5,2,0,0,0,0,0,0,0,2,7,42,0,0,144,0,0,2
"201",0.050877350499957,0.226978348097602,"1T3","Post","2018","Puako","1","T3",0,2,0,1,0,0,0,1,11,0,1,0,0,0,0,0,1,0,0,0,0,1,0,0,0,0,0,0,5,0,0,0,0,0,0,0,23,36,24,3,0,3,0,0,3,4,0,3,0,0,0,1,2,4,0,0,0,0,0,1,0,0,0,1,0,0,0,0,0,0,0,1,0,0,0,0,0,89,0,16,1
"202",0.0095504829316083,0.210972685946875,"2T3","Post","2018","Puako","2","T3",0,9,0,1,2,0,0,4,20,0,0,2,0,0,0,0,0,0,0,0,3,1,0,0,0,0,0,0,7,0,1,0,0,0,0,0,2,35,28,6,0,9,0,2,1,10,1,3,3,0,0,2,3,5,0,0,0,0,0,7,0,1,0,6,0,0,0,0,0,0,0,0,0,0,0,0,0,90,0,0,4
"203",0.413294059186714,0.481124706964858,"5T3","Post","2018","Puako","5","T3",0,80,0,0,0,0,0,0,5,0,0,0,0,0,0,0,0,0,0,0,2,0,0,0,0,0,0,0,10,0,0,1,0,0,0,0,2,63,12,2,0,2,0,3,4,0,0,5,2,0,0,0,0,3,0,0,0,0,0,1,0,0,0,2,0,2,0,0,0,0,0,0,0,0,1,0,0,31,0,50,0
"204",0.63733493858418,-0.515676752790922,"6T3","Post","2019","Mahukona","6","T3",0,2,0,0,0,0,4,0,0,1,0,0,0,0,0,0,0,0,0,0,2,2,0,0,0,0,0,0,3,0,0,1,0,0,0,0,0,21,34,1,0,3,0,1,5,1,1,3,4,0,0,0,0,2,0,0,1,0,0,0,0,0,0,1,0,6,0,0,0,0,0,0,0,0,0,0,0,15,0,113,0
"205",0.18297487587473,-0.224823106408595,"7T3","Post","2019","Mahukona","7","T3",0,0,0,0,1,0,3,0,0,21,0,0,0,0,0,0,0,0,1,0,1,3,0,0,0,0,0,0,4,0,0,1,0,0,0,0,0,24,61,5,0,11,0,1,5,4,8,6,2,0,0,3,1,1,1,0,1,0,1,0,0,0,0,3,0,2,0,0,0,0,0,0,0,0,0,0,0,21,0,0,3
"206",-0.73983958566353,-0.129196440379525,"3T3","Post","2019","Old Kona","3","T3",0,0,0,0,1,1,0,5,4,299,0,0,0,0,0,0,0,0,0,0,7,0,6,0,0,0,0,0,3,0,0,2,0,0,0,0,34,47,104,2,0,1,0,0,2,34,10,11,1,0,0,1,2,1,0,0,3,0,1,0,0,2,0,9,1,0,0,0,2,0,0,0,0,0,0,0,0,127,0,0,0
"207",-0.818306914874728,-0.0333883718485537,"4T3","Post","2019","Old Kona","4","T3",2,0,0,0,0,2,0,4,10,190,0,0,2,0,0,0,0,0,0,0,8,0,0,0,0,1,0,4,4,0,0,5,0,3,0,0,1,54,196,1,0,1,0,5,0,75,11,14,0,0,0,0,6,4,0,3,7,0,0,0,0,2,0,17,0,0,0,0,0,0,0,0,0,8,8,0,0,131,0,0,1
"208",-0.167259512526627,0.356318242199421,"1T3","Post","2019","Puako","1","T3",0,7,0,0,1,0,0,1,4,0,1,0,0,0,0,0,0,0,0,1,5,0,0,0,0,0,0,0,7,1,0,1,0,0,0,0,76,52,27,1,0,2,0,1,3,9,2,1,0,0,0,1,4,4,0,1,0,0,0,3,0,0,0,6,0,0,0,0,0,0,0,1,0,0,1,0,0,104,0,0,2
"209",-0.903814204896226,0.195905205994433,"2T3","Post","2019","Puako","2","T3",0,205,0,1,2,1,0,2,3,221,0,0,1,2,0,0,0,0,0,0,4,7,0,0,0,0,0,0,4,0,1,3,0,0,0,0,43,52,2,6,0,12,0,2,5,104,2,8,6,0,2,0,6,4,1,0,0,0,0,0,0,0,0,2,0,1,0,0,0,0,0,2,0,0,0,0,0,81,0,0,3
"210",0.301011558267693,0.138214807058215,"5T3","Post","2019","Puako","5","T3",0,40,0,0,0,2,0,4,7,0,15,0,0,0,0,0,0,0,1,0,4,0,0,0,0,0,0,0,0,0,0,0,0,0,0,0,0,29,37,1,0,5,0,0,1,0,0,9,1,0,0,2,1,4,0,0,0,0,0,0,0,0,0,3,0,0,0,0,0,0,0,0,0,0,0,0,0,32,0,0,1
"211",-0.568934030236767,-0.592910835383319,"3T4","Pre","2009","Old Kona","3","T4",0,0,0,0,0,0,0,3,0,310,0,0,0,0,0,0,0,0,0,0,1,0,0,0,0,0,0,0,3,0,0,2,0,0,0,0,0,13,32,0,0,1,0,1,2,5,4,2,0,0,0,0,11,1,0,0,0,0,0,0,0,0,0,2,0,0,0,0,0,0,0,3,0,0,0,0,0,37,0,0,3
"212",-0.48612994951566,-0.349882538585949,"4T4","Pre","2009","Old Kona","4","T4",2,0,0,0,0,0,0,1,0,130,0,0,0,0,0,0,0,0,0,0,0,0,0,0,0,0,0,5,1,0,0,0,0,0,2,0,0,3,73,0,0,0,0,2,0,2,10,11,1,0,0,0,12,2,0,0,0,0,1,0,0,0,0,13,0,0,0,0,0,0,0,0,0,1,13,0,0,70,0,0,0
"213",0.683586780310864,0.551760487823959,"1T4","Pre","2009","Puako","1","T4",0,0,0,0,0,0,0,1,0,0,0,0,0,0,0,0,0,0,0,0,0,13,0,0,0,0,0,0,0,0,0,0,0,0,0,0,0,22,0,2,0,0,0,0,13,10,0,0,0,0,0,0,0,3,0,0,0,0,0,0,0,1,0,3,0,0,0,0,0,0,0,1,0,0,0,0,0,33,0,0,0
"214",0.393243321345239,0.786913264959001,"2T4","Pre","2009","Puako","2","T4",0,0,0,2,0,0,0,1,0,0,0,0,0,0,0,0,0,0,0,0,0,1,0,0,0,0,0,0,0,0,1,0,0,0,2,0,0,14,1,0,0,3,0,0,0,0,10,1,4,0,0,0,24,0,1,0,0,0,0,0,0,3,0,0,0,0,0,0,0,0,0,0,0,0,0,0,0,55,0,0,0
"215",1.03072301978671,-0.363568233526366,"5T4","Pre","2009","Puako","5","T4",0,0,0,0,0,0,0,1,0,0,0,0,0,0,0,0,0,0,1,0,0,0,0,0,0,0,0,0,2,0,0,0,3,0,0,0,4,7,17,2,0,1,0,0,0,0,6,0,0,0,0,0,7,3,0,0,0,0,0,0,0,0,0,3,0,0,0,0,0,0,0,0,0,0,9,0,0,10,0,30,0
"216",0.941741270807233,-0.2195731278121,"6T4","Pre","2010","Mahukona","6","T4",0,0,0,1,0,0,1,0,0,13,0,0,1,0,0,0,0,0,0,0,0,2,0,0,0,0,0,0,0,0,0,0,0,0,0,0,0,9,12,3,0,3,0,0,6,1,1,0,0,0,0,0,0,0,0,0,0,0,0,0,0,0,0,1,0,2,0,0,0,0,0,0,0,0,0,0,1,18,0,1,0
"217",1.48925992784215,-0.195842153898611,"7T4","Pre","2010","Mahukona","7","T4",0,0,0,0,0,0,0,0,0,0,0,0,0,0,0,0,0,0,0,0,0,0,0,0,0,0,0,0,3,0,0,0,0,0,0,0,0,2,12,3,0,8,0,0,5,0,1,1,2,0,0,3,0,0,0,1,1,0,0,0,0,0,0,7,0,1,0,0,0,0,0,0,0,0,0,0,0,0,0,0,0
"218",-0.655970908868939,-0.455847989324956,"3T4","Pre","2010","Old Kona","3","T4",0,0,0,0,0,0,0,0,0,370,0,0,0,0,0,0,0,0,0,0,9,0,0,0,0,1,0,0,2,0,0,0,0,0,0,0,1,30,26,1,0,6,0,2,2,4,5,8,1,0,0,0,22,0,0,0,0,0,0,0,0,0,0,0,0,0,0,0,0,3,0,0,0,0,1,0,1,59,0,0,4
"219",-0.869646952599925,-0.407703771752667,"4T4","Pre","2010","Old Kona","4","T4",1,0,0,0,0,0,1,1,0,450,0,0,0,0,0,0,0,0,5,0,3,0,0,1,0,1,0,2,3,0,0,0,0,0,0,0,6,10,69,2,0,11,0,4,1,12,4,8,1,0,0,1,12,3,0,0,3,0,4,0,0,1,0,0,0,0,0,0,0,11,0,0,1,0,30,0,1,79,0,0,3
"220",0.428736604474997,0.277389873952948,"1T4","Pre","2010","Puako","1","T4",0,2,0,0,0,0,0,2,1,0,0,0,0,1,0,0,0,0,0,0,6,1,0,0,0,0,0,0,4,0,0,0,0,0,0,0,0,36,9,1,0,2,0,0,0,0,0,1,3,0,1,3,5,4,0,0,1,0,0,0,0,1,0,4,0,0,0,1,0,0,0,2,0,0,3,0,0,36,0,0,1
"221",0.75265885222008,0.191832252321723,"5T4","Pre","2010","Puako","5","T4",0,0,0,0,0,0,0,4,0,0,0,0,0,0,0,0,0,0,0,0,1,0,0,0,0,0,0,0,15,0,0,0,1,0,0,0,0,13,11,2,0,4,0,0,0,0,5,1,1,1,0,0,1,2,0,0,2,0,0,1,0,0,0,10,0,0,0,0,0,0,0,1,0,0,0,0,0,25,0,0,5
"222",0.727659599368675,-0.406105781084898,"6T4","Pre","2011","Mahukona","6","T4",0,0,0,0,0,0,1,2,0,10,0,0,1,0,0,0,0,0,0,0,1,9,0,0,0,0,0,0,1,0,0,0,0,0,1,0,0,20,24,5,0,1,0,0,6,0,0,2,4,0,0,0,2,0,0,0,0,0,0,1,0,0,0,1,0,1,0,0,0,0,0,0,0,0,0,0,1,3,0,1,0
"223",1.05876769556515,-0.0339055893734285,"7T4","Pre","2011","Mahukona","7","T4",0,0,0,0,0,0,0,1,0,0,0,0,0,0,0,0,0,0,0,0,0,0,0,0,0,0,0,0,1,0,1,0,0,0,0,0,0,12,10,6,0,5,0,0,4,0,1,1,2,0,2,1,0,0,0,0,2,0,0,0,0,0,0,4,0,0,0,0,0,0,0,3,0,0,0,0,0,11,0,2,0
"224",-0.401143654833304,-0.278361793505036,"3T4","Pre","2011","Old Kona","3","T4",0,0,0,0,0,0,0,2,0,215,0,0,1,0,0,0,0,0,0,0,5,0,0,0,0,1,0,0,2,0,1,0,0,0,0,0,0,34,49,2,0,3,0,1,0,6,7,6,0,0,0,0,3,0,0,1,1,1,0,0,0,0,0,6,0,0,0,0,0,0,0,3,0,0,0,0,0,57,0,0,1
"225",-0.743658021016426,-0.462420407124292,"4T4","Pre","2011","Old Kona","4","T4",4,0,0,0,0,0,0,0,0,340,0,0,0,0,0,0,0,1,0,0,11,0,0,1,0,1,0,4,6,0,0,0,0,0,0,0,5,11,41,1,0,0,0,6,0,12,7,7,0,0,0,0,13,3,0,3,1,0,3,0,0,0,0,5,0,0,0,0,0,0,2,0,0,15,33,0,0,52,0,0,1
"226",0.308101322920917,0.0991469875702703,"1T4","Pre","2011","Puako","1","T4",0,1,0,0,2,0,0,0,0,0,0,0,0,0,0,0,0,0,0,0,0,2,0,3,0,0,0,0,10,0,0,0,0,0,0,0,1,33,39,2,0,1,0,0,2,0,0,0,1,0,2,0,0,4,0,0,0,0,0,0,0,0,0,0,0,0,0,0,0,0,0,0,0,0,0,0,0,41,0,0,0
"227",0.222447693860778,0.442588205015528,"2T4","Pre","2011","Puako","2","T4",0,2,0,0,1,0,0,1,0,0,0,0,0,0,0,0,0,0,0,0,3,2,0,0,0,1,0,0,2,0,1,0,0,0,0,0,0,36,1,3,0,1,0,1,2,0,2,4,1,0,0,1,0,3,0,0,0,0,0,0,0,1,0,1,0,0,0,0,0,0,0,3,0,0,0,0,0,69,0,0,0
"228",0.893126703905506,0.0152843722262175,"5T4","Pre","2011","Puako","5","T4",0,0,0,1,0,0,0,1,0,0,0,0,0,0,0,0,0,0,1,0,0,0,0,0,0,0,0,0,3,0,0,1,1,0,0,0,0,3,20,5,0,0,0,1,0,0,4,3,3,0,2,1,0,2,0,0,0,0,0,0,0,1,0,7,0,0,0,0,0,0,0,0,0,0,0,0,0,19,0,1,2
"229",0.624800805001702,-0.445800465930311,"6T4","Pre","2012","Mahukona","6","T4",0,0,0,1,0,0,0,0,0,20,0,0,0,0,0,0,0,0,0,0,0,10,0,0,0,0,0,0,0,0,0,0,0,0,0,0,0,10,24,0,0,3,0,0,4,0,1,3,0,0,0,2,0,1,0,0,0,0,0,0,0,0,0,2,0,4,0,1,0,2,0,0,0,0,0,0,0,17,0,1,0
"230",-0.0327413845067693,-1.21289343042187,"7T4","Pre","2012","Mahukona","7","T4",0,0,9,1,0,0,0,0,0,80,0,0,0,0,0,0,0,0,0,0,2,0,0,0,1,0,0,0,0,0,0,0,0,0,0,0,0,6,5,2,0,6,0,0,4,0,1,4,0,0,2,0,0,0,0,1,0,0,0,0,0,0,30,1,0,1,0,0,0,3,1,0,0,0,1,0,0,8,0,0,0
"231",0.783250353691396,0.087286842864752,"5T4","Pre","2012","Puako","5","T4",0,8,1,1,1,0,0,1,2,0,0,0,0,0,0,0,0,0,0,5,2,0,0,0,0,0,0,0,1,0,0,0,0,0,0,0,0,11,16,0,0,6,0,1,0,0,6,6,0,0,2,3,0,0,0,0,0,0,0,1,0,0,0,3,0,0,0,0,0,3,0,0,0,0,0,0,0,23,0,0,6
"232",-0.15406250339514,0.815348054227192,"2T4","Post","2013","Puako","2","T4",0,1,0,2,0,1,0,1,0,0,0,1,0,0,0,0,0,0,0,0,5,2,0,1,0,0,0,0,10,0,0,5,0,0,0,0,130,11,8,0,0,2,0,1,3,25,7,2,1,0,0,0,0,3,0,0,3,0,2,1,0,1,0,1,0,0,0,0,0,0,0,1,1,0,1,0,0,74,0,0,1
"233",0.535163687801001,0.00379663039560475,"6T4","Post","2014","Mahukona","6","T4",0,0,0,0,0,4,0,0,0,0,0,0,0,0,0,0,0,0,0,0,1,0,0,0,0,0,0,0,2,0,1,1,0,0,0,0,0,63,19,1,0,7,2,0,5,0,2,2,3,0,3,1,0,1,0,0,0,0,0,0,0,0,0,15,0,7,0,0,1,0,1,0,0,0,0,0,0,18,0,0,0
"234",-0.756265768863992,-0.0175306613118421,"4T4","Post","2014","Old Kona","4","T4",0,0,0,0,1,1,0,3,0,190,0,0,2,1,0,0,0,0,1,0,8,0,0,0,0,1,0,12,8,1,0,2,0,0,0,0,24,89,133,3,1,3,0,8,4,16,9,10,0,1,0,0,9,6,0,0,1,0,0,0,0,0,0,15,1,0,0,0,0,0,0,0,1,24,16,0,0,179,0,0,6
"235",0.309948738072462,0.455107135829056,"1T4","Post","2014","Puako","1","T4",0,26,0,0,0,0,0,0,0,0,0,0,0,0,0,0,0,0,0,0,3,1,0,0,0,0,0,0,3,0,0,1,0,0,0,0,23,21,7,2,0,0,0,0,3,1,2,2,0,0,0,0,0,2,0,0,0,0,0,0,0,0,0,5,0,0,0,0,0,0,0,1,0,0,0,0,0,52,0,0,0
"236",-0.0415961552167318,0.331568947673343,"2T4","Post","2014","Puako","2","T4",0,44,0,0,1,0,0,8,0,0,0,0,0,0,0,0,0,0,0,0,11,4,0,0,0,0,1,0,10,0,3,1,0,0,0,0,49,33,29,4,3,4,0,3,11,3,3,2,1,3,2,1,0,1,0,0,7,0,0,1,0,0,0,4,0,0,0,0,0,0,0,2,0,0,0,0,0,82,0,0,6
"237",0.4300516721515,0.20005719430245,"5T4","Post","2014","Puako","5","T4",0,42,0,0,1,2,0,2,3,0,0,0,0,0,0,0,0,0,0,0,2,0,0,0,0,0,0,0,5,0,2,0,0,0,0,0,2,25,20,6,0,3,0,0,2,0,2,2,2,1,0,0,3,4,0,2,1,0,0,3,0,0,0,1,0,0,0,0,0,0,0,2,0,0,0,0,0,32,0,1,1
"238",0.175366721797017,0.410840408191534,"1T4","Post","2015","Puako","1","T4",0,36,0,0,0,0,0,0,1,0,0,0,0,0,0,0,0,0,2,0,3,7,0,0,0,0,0,0,5,0,0,0,0,0,1,0,11,52,5,8,0,2,0,4,8,13,0,2,4,0,0,1,2,4,0,0,0,0,0,1,0,0,0,4,0,0,0,0,0,0,0,0,0,0,0,0,0,44,0,0,2
"239",-1.05426384127802,-0.201180613915259,"3T4","Post","2016","Old Kona","3","T4",0,0,0,1,1,0,0,6,1,625,0,0,0,0,0,0,1,0,0,0,1,0,0,0,0,0,0,0,9,0,0,0,0,0,0,0,5,59,139,2,0,0,0,1,4,56,12,14,7,1,0,2,8,1,0,0,0,0,0,0,0,0,0,15,0,0,0,0,0,0,0,3,0,0,0,0,0,132,0,0,1
"240",-0.859080357953474,-0.0797576851937494,"4T4","Post","2016","Old Kona","4","T4",0,0,0,0,1,0,0,5,3,260,0,0,3,0,0,0,0,0,0,0,1,0,1,0,1,1,0,2,9,0,0,5,0,0,0,0,12,49,198,3,0,0,0,8,6,32,10,21,2,0,0,0,10,6,0,2,2,0,1,0,0,0,0,9,0,0,0,0,2,0,0,0,1,8,2,0,0,189,0,0,0
"241",-0.505217195413841,0.543609747771354,"2T4","Post","2016","Puako","2","T4",0,37,0,0,0,1,4,1,58,0,0,0,0,0,0,0,0,0,0,0,12,4,0,2,0,0,0,0,14,1,1,0,0,0,0,0,51,130,26,1,0,6,0,5,0,31,5,12,2,0,0,1,26,3,0,0,0,0,0,4,1,0,0,8,0,0,0,0,0,0,0,0,0,0,0,0,0,157,0,0,4
"242",0.473125639011374,-0.691765038657755,"6T4","Post","2017","Mahukona","6","T4",0,4,0,0,0,0,2,0,0,10,0,0,0,0,0,0,0,0,0,0,2,14,0,3,0,1,0,0,0,0,0,0,0,0,0,0,0,17,61,6,0,2,0,0,7,0,0,1,2,0,0,0,0,0,0,0,0,0,0,1,0,0,0,1,0,3,0,0,0,0,0,1,0,0,0,0,0,3,0,53,0
"243",0.447739006846318,-0.00667916259437122,"7T4","Post","2017","Mahukona","7","T4",0,0,0,0,0,0,0,0,1,0,0,0,0,0,0,0,0,0,0,0,1,1,0,8,0,0,0,1,3,0,1,0,0,0,0,1,0,28,29,6,0,3,0,0,4,0,3,10,3,0,0,1,0,4,0,0,1,0,0,0,0,0,0,1,0,0,0,0,0,0,0,1,0,0,0,0,0,25,0,2,3
"244",-0.920415380958804,-0.146684476464464,"3T4","Post","2017","Old Kona","3","T4",4,0,0,0,0,1,0,7,0,375,0,0,0,0,0,0,0,0,0,0,1,0,0,0,0,1,0,0,3,0,0,0,0,0,0,0,12,82,218,5,0,1,0,3,3,15,11,8,3,0,0,1,14,0,0,2,3,0,0,0,0,0,0,8,0,0,0,0,1,0,0,2,1,0,0,0,1,148,0,0,3
"245",-0.674390336249044,-0.0490004019478084,"4T4","Post","2017","Old Kona","4","T4",1,0,0,0,1,1,0,2,0,115,0,0,0,0,0,0,0,3,1,0,5,0,0,0,0,0,0,0,6,0,0,2,0,0,0,0,2,25,157,2,0,4,0,9,4,15,4,8,4,0,0,0,9,2,0,2,0,2,0,0,0,0,0,5,0,0,0,0,0,0,0,0,0,0,64,0,0,174,0,0,2
"246",-0.13145561135556,0.283307100050871,"1T4","Post","2017","Puako","1","T4",0,8,0,0,0,0,0,1,26,0,0,0,0,0,0,0,0,0,0,0,1,3,0,0,0,0,0,0,1,0,1,1,0,0,0,0,25,91,38,1,0,2,0,1,1,1,1,6,2,0,0,1,1,6,0,0,0,0,0,1,0,0,0,3,1,0,0,0,0,0,0,1,1,0,1,0,0,89,0,2,2
"247",-0.066015201095859,0.148960352617896,"2T4","Post","2017","Puako","2","T4",0,5,0,1,0,4,0,2,12,0,0,0,0,0,1,0,0,0,0,0,3,2,0,0,0,0,0,0,10,0,0,0,0,0,0,0,8,49,55,5,0,5,0,0,0,1,0,6,2,0,0,1,2,2,0,0,0,0,0,2,2,0,0,3,0,0,0,0,0,0,0,2,0,0,0,0,0,89,0,1,7
"248",0.598696789413884,-0.139631576684295,"6T4","Post","2018","Mahukona","6","T4",0,8,0,3,0,0,8,0,1,5,0,0,0,0,0,1,0,0,1,0,0,4,0,1,0,0,0,0,1,0,0,0,0,0,0,0,1,23,24,2,0,4,0,0,2,1,0,3,1,0,1,0,0,0,0,0,4,0,0,0,0,0,0,1,0,2,0,0,0,0,0,0,0,0,0,0,0,25,0,25,0
"249",0.0874221279926339,-0.280641263023206,"7T4","Post","2018","Mahukona","7","T4",0,0,0,0,0,0,0,2,0,55,0,0,2,0,0,5,0,0,0,0,0,0,0,0,0,0,0,0,1,1,0,1,0,0,0,0,0,30,40,4,0,8,0,0,6,4,4,6,3,0,0,2,2,1,0,0,0,0,0,0,0,0,0,10,0,3,0,0,0,0,0,0,0,0,0,0,0,24,0,0,0
"250",-0.704541075566717,0.276273622870403,"3T4","Post","2018","Old Kona","3","T4",0,0,0,0,1,0,0,4,6,31,0,0,0,0,0,0,0,0,0,0,1,0,0,0,0,3,0,2,7,0,0,2,0,0,0,0,10,85,166,4,0,0,0,3,8,85,13,23,4,0,0,0,4,3,0,4,3,0,0,1,0,1,0,5,0,2,0,0,1,0,0,0,0,0,0,0,0,209,0,0,0
"251",-0.702138846043597,-0.0899807713132461,"4T4","Post","2018","Old Kona","4","T4",0,0,0,0,0,0,0,5,0,160,0,0,0,0,0,0,0,0,0,0,7,0,0,0,0,0,0,5,2,0,0,3,0,12,0,0,1,49,155,8,0,3,0,6,0,9,15,17,1,1,0,0,1,5,0,5,2,0,1,0,0,1,0,12,5,0,0,0,0,0,0,0,0,1,34,0,0,155,0,0,3
"252",-0.110495856500539,0.230123859992351,"1T4","Post","2018","Puako","1","T4",0,7,0,0,0,0,0,1,9,0,0,0,0,0,0,0,0,0,0,0,12,1,0,3,0,0,0,0,7,0,0,0,0,0,0,0,47,32,43,3,0,4,0,4,1,6,0,4,1,0,0,3,0,1,0,0,0,0,1,2,0,1,0,10,0,0,1,0,0,0,0,0,1,0,0,0,0,94,0,0,4
"253",-0.199320839189902,0.399397557046247,"2T4","Post","2018","Puako","2","T4",0,35,0,2,0,1,0,4,13,0,0,0,0,0,0,0,0,0,0,0,4,1,0,0,0,1,0,0,7,1,2,0,0,0,0,0,100,41,36,4,0,6,0,2,1,9,0,5,2,0,0,7,0,5,0,0,0,0,0,1,0,1,0,10,0,2,0,0,0,0,0,0,0,0,0,0,0,100,0,0,1
"254",0.383445851356154,0.569032711027071,"5T4","Post","2018","Puako","5","T4",0,65,0,0,0,0,0,0,13,0,0,0,0,0,0,0,0,0,0,0,3,1,0,0,0,0,0,0,7,1,0,0,0,0,0,0,0,73,11,1,0,1,0,1,2,0,0,3,4,0,0,1,1,1,0,0,1,0,0,4,0,2,0,1,0,0,0,0,0,0,0,2,0,0,2,0,0,32,0,50,0
"255",0.831966477391708,-0.896336281800613,"6T4","Post","2019","Mahukona","6","T4",0,1,0,0,0,0,0,0,0,0,0,0,0,0,0,0,0,0,0,0,2,3,0,0,0,0,0,0,6,0,0,0,0,0,0,0,0,11,25,5,0,5,0,1,1,0,4,2,2,0,0,1,0,1,0,0,0,0,0,0,0,0,0,2,0,7,0,0,0,0,0,0,0,0,0,0,0,17,0,241,1
"256",0.000542581683413864,-0.315635333172987,"7T4","Post","2019","Mahukona","7","T4",0,0,0,0,1,0,0,0,0,30,0,0,0,0,0,1,0,0,0,0,0,6,0,0,1,1,0,2,4,0,0,0,0,0,0,0,0,45,106,7,2,14,0,0,11,4,9,5,6,0,4,1,0,3,0,0,3,0,2,0,0,0,0,9,0,5,0,0,1,0,0,0,0,0,0,0,0,22,0,30,2
"257",-0.562684793948373,-0.0984543062154787,"3T4","Post","2019","Old Kona","3","T4",0,0,0,1,1,1,0,2,4,177,0,0,0,0,0,0,0,0,0,0,7,0,3,0,0,1,0,0,4,1,1,3,0,0,0,0,24,34,106,0,0,0,0,1,1,36,12,15,0,0,0,1,1,2,0,0,3,0,1,0,0,2,0,11,0,0,0,0,0,0,0,0,0,0,0,0,0,86,0,0,1
"258",-0.658521400641324,-0.0885837035915888,"4T4","Post","2019","Old Kona","4","T4",0,0,0,1,1,1,0,3,2,182,0,0,1,0,0,0,0,0,0,0,5,0,0,0,0,2,0,1,1,1,0,5,0,5,0,0,4,42,119,4,0,0,0,2,0,65,6,19,1,0,0,0,2,8,0,1,3,0,2,0,0,0,0,11,0,0,0,0,0,0,0,0,1,0,2,0,0,121,0,0,0
"259",-0.198886598035815,0.351309762449355,"1T4","Post","2019","Puako","1","T4",0,24,0,0,0,0,1,0,5,0,7,0,0,0,0,0,0,0,0,1,6,1,0,1,0,1,0,0,4,0,0,0,0,0,0,0,99,44,46,3,0,2,0,1,2,9,1,3,4,0,4,0,0,3,0,0,1,0,0,3,0,0,0,5,0,0,0,0,0,0,0,1,0,0,1,1,0,95,0,0,1
"260",-0.234890361989484,0.750061484814752,"2T4","Post","2019","Puako","2","T4",0,206,0,0,3,0,0,2,1,5,0,0,7,1,0,0,0,0,0,0,5,15,0,1,0,0,0,0,6,0,0,2,0,0,0,0,0,27,11,6,0,5,0,4,7,49,0,10,3,0,0,1,7,6,2,0,1,0,4,2,0,0,1,4,0,0,0,0,0,0,0,1,0,0,0,0,0,78,0,0,3
"261",0.193032336621218,-0.269479012229986,"5T4","Post","2019","Puako","5","T4",0,90,0,0,0,2,0,2,9,0,0,0,1,0,0,0,0,0,0,0,4,0,0,0,1,0,0,0,4,0,0,0,0,0,0,0,0,12,76,1,0,2,0,1,7,0,1,5,1,0,0,2,0,1,0,0,0,0,0,2,0,0,0,3,0,0,0,0,1,0,0,2,0,0,1,0,0,25,0,3,4
